district_id,district_name_290,varmegye,regio,pop2013,komplex_mutato,rank,kedvezmenyezett,fejlesztendo,komplex_program
054,Cigándi,BAZ,ÉM,16115,1863,1,1,1,1
030,Sellyei,BAR,DD,14178,2100,2,1,1,1
057,Gönci,BAZ,ÉM,16769,2211,3,1,1,1
164,Kunhegyesi,JNS,ÉA,20304,2212,4,1,1,1
148,Baktalórántházai,SSB,ÉA,19294,2213,5,1,1,1
036,Jánoshalmi,BKK,DA,16997,2306,6,1,1,1
101,Nyíradonyi,HBH,ÉA,29808,2317,7,1,1,1
056,Encsi,BAZ,ÉM,21659,2327,8,1,1,1
108,Hevesi,HEV,ÉM,34767,2440,9,1,1,1
062,Ózdi,BAZ,ÉM,53914,2549,10,1,1,1
067,Szikszói,BAZ,ÉM,17299,2575,11,1,1,1
051,Sarkadi,BEK,DA,22926,2583,12,1,1,1
156,Nyírbátori,SSB,ÉA,43439,2715,13,1,1,1
055,Edelényi,BAZ,ÉM,33814,2734,14,1,1,1
186,Devecseri,VES,KD,14778,2737,15,1,1,1
059,Mezőcsáti,BAZ,ÉM,14481,2750,16,1,1,1
150,Fehérgyarmati,SSB,ÉA,38578,2755,17,1,1,1
049,Mezőkovácsházai,BEK,DA,40186,2782,18,1,1,1
159,Vásárosnaményi,SSB,ÉA,36510,2800,19,1,1,1
096,Derecskei,HBH,ÉA,41775,2801,20,1,1,1
151,Ibrányi,SSB,ÉA,23701,2812,21,1,1,1
160,Záhonyi,SSB,ÉA,19192,2852,22,1,1,1
025,Hegyháti,BAR,DD,12515,2863,23,1,1,1
034,Bácsalmási,BKK,DA,19780,2871,24,1,1,1
141,Csurgói,SOM,DD,16485,2951,25,1,1,1
102,Püspökladányi,HBH,ÉA,40560,2983,26,1,1,1
063,Putnoki,BAZ,ÉM,19053,3010,27,1,1,1
084,Sárbogárdi,FEJ,KD,28223,3015,28,1,1,1
140,Barcsi,SOM,DD,23596,3019,29,1,1,1
152,Kemecsei,SSB,ÉA,22062,3026,30,1,1,1
121,Szécsényi,NOG,ÉM,19416,3029,31,1,1,1
149,Csengeri,SSB,ÉA,13802,3030,32,1,1,1
094,Berettyóújfalui,HBH,ÉA,45277,3042,33,1,1,1
161,Jászapáti,JNS,ÉA,32676,3059,34,1,1,1
154,Mátészalkai,SSB,ÉA,64471,3091,35,1,1,1
174,Tamási,TOL,DD,38304,3095,36,1,1,1
147,Tabi,SOM,DD,12665,3110,37,1,1,0
066,Szerencsi,BAZ,ÉM,40525,3122,38,1,1,0
079,Enyingi,FEJ,KD,20634,3141,39,1,1,0
158,Tiszavasvári,SSB,ÉA,27221,3155,40,1,1,0
072,Kisteleki,CSN,DA,18211,3156,41,1,1,0
163,Karcagi,JNS,ÉA,42836,3161,42,1,1,0
165,Kunszentmártoni,JNS,ÉA,35781,3162,43,1,1,0
155,Nagykállói,SSB,ÉA,30176,3195,44,1,1,0
069,Tokaji,BAZ,ÉM,13147,3241,45,1,1,0
105,Füzesabonyi,HEV,ÉM,30129,3250,46,1,1,0
182,Vasvári,VAS,NYD,13503,3280,47,1,1,0
109,Pétervásárai,HEV,ÉM,21060,3337,48,1,1,0
145,Nagyatádi,SOM,DD,25833,3356,49,1,1,0
169,Törökszentmiklósi,JNS,ÉA,36298,3387,50,1,1,0
043,Kunszentmiklósi,BKK,DA,29758,3387,51,1,1,0
042,Kiskunmajsai,BKK,DA,19138,3404,52,1,1,0
033,Szigetvári,BAR,DD,25055,3416,53,1,1,0
053,Szeghalmi,BEK,DA,29760,3457,54,1,1,0
118,Pásztói,NOG,ÉM,31172,3480,55,1,0,0
103,Bélapátfalvai,HEV,ÉM,8742,3509,56,1,0,0
031,Siklósi,BAR,DD,35716,3512,57,1,0,0
073,Makói,CSN,DA,44104,3522,58,1,0,0
098,Hajdúhadházi,HBH,ÉA,22335,3526,59,1,0,0
195,Letenyei,ZAL,NYD,16207,3619,60,1,0,0
188,Sümegi,VES,KD,15221,3622,61,1,0,0
144,Marcali,SOM,DD,34620,3640,62,1,0,0
032,Szentlőrinci,BAR,DD,14847,3654,63,1,0,0
153,Kisvárdai,SSB,ÉA,56779,3666,64,1,0,0
168,Tiszafüredi,JNS,ÉA,19699,3676,65,1,0,0
166,Mezőtúri,JNS,ÉA,27434,3708,66,1,0,0
093,Balmazújvárosi,HBH,ÉA,30353,3716,67,1,0,0
120,Salgótarjáni,NOG,ÉM,63470,3783,68,1,0,0
074,Mórahalmi,CSN,DA,28672,3822,69,1,0,0
131,Nagykátai,PST,KM,71815,3850,70,1,0,0
117,Bátonyterenyei,NOG,ÉM,21383,3884,71,1,0,0
198,Zalaszentgróti,ZAL,NYD,15387,3916,72,1,0,0
132,Nagykőrösi,PST,KM,27592,3923,73,1,0,0
047,Gyomaendrődi,BEK,DA,23642,3927,74,1,0,0
070,Csongrádi,CSN,DA,22297,3940,75,1,0,0
044,Tiszakécskei,BKK,DA,23668,3947,76,1,0,0
064,Sárospataki,BAZ,ÉM,24594,3964,77,1,0,0
111,Kisbéri,KOE,KD,20033,4031,78,1,0,0
099,Hajdúnánási,HBH,ÉA,29514,4065,79,1,0,0
119,Rétsági,NOG,ÉM,23599,4082,80,1,0,0
037,Kalocsai,BKK,DA,50388,4098,81,1,0,0
024,Bólyi,BAR,DD,11748,4105,82,1,0,0
040,Kiskunfélegyházi,BKK,DA,36541,4112,83,1,0,0
041,Kiskunhalasi,BKK,DA,43326,4126,84,1,0,0
029,Pécsváradi,BAR,DD,11669,4132,85,1,0,0
060,Mezőkövesdi,BAZ,ÉM,42116,4132,86,1,0,0
039,Kiskőrösi,BKK,DA,54678,4142,87,1,0,0
052,Szarvasi,BEK,DA,28103,4149,88,1,0,0
050,Orosházi,BEK,DA,50893,4178,89,1,0,0
171,Dombóvári,TOL,DD,31993,4193,90,1,0,0
045,Békési,BEK,DA,36877,4196,91,1,0,0
194,Lenti,ZAL,NYD,19590,4223,92,1,0,0
065,Sátoraljaújhelyi,BAZ,ÉM,22267,4231,93,1,0,0
116,Balassagyarmati,NOG,ÉM,39352,4271,94,1,0,0
058,Kazincbarcikai,BAZ,ÉM,65024,4287,95,1,0,0
176,Celldömölki,VAS,NYD,24535,4304,96,1,0,0
027,Mohácsi,BAR,DD,34512,4308,97,1,0,0
076,Szentesi,CSN,DA,40782,4308,98,1,0,0
124,Ceglédi,PST,KM,88626,4468,99,1,0,0
097,Hajdúböszörményi,HBH,ÉA,40129,4472,100,1,0,0
035,Bajai,BKK,DA,66143,4489,101,1,0,0
143,Kaposvári,SOM,DD,116547,4491,102,1,0,0
187,Pápai,VES,KD,58404,4559,103,1,0,0
142,Fonyódi,SOM,DD,34222,4576,104,1,0,0
137,Szobi,PST,KM,24411,4597,105,1,0,0
162,Jászberényi,JNS,ÉA,50624,4604,106,1,0,0
100,Hajdúszoboszlói,HBH,ÉA,42983,4627,107,1,0,0
092,Téti,GMS,NYD,14445,4648,108,1,0,0
071,Hódmezővásárhelyi,CSN,DA,55515,4663,109,1,0,0
175,Tolnai,TOL,DD,18100,4696,110,0,0,0
026,Komlói,BAR,DD,34776,4716,111,0,0,0
177,Körmendi,VAS,NYD,26692,4754,112,0,0,0
179,Sárvári,VAS,NYD,38653,4793,113,0,0,0
125,Dabasi,PST,KM,48808,4816,114,0,0,0
090,Pannonhalmi,GMS,NYD,15555,4822,115,0,0,0
077,Bicskei,FEJ,KD,35634,4861,116,0,0,0
122,Aszódi,PST,KM,36820,4871,117,0,0,0
134,Ráckevei,PST,KM,35971,4974,118,0,0,0
081,Martonvásári,FEJ,KD,26405,4980,119,0,0,0
107,Hatvani,HEV,ÉM,50426,4995,120,0,0,0
170,Bonyhádi,TOL,DD,31322,4996,121,0,0,0
180,Szentgotthárdi,VAS,NYD,15227,5014,122,0,0,0
086,Csornai,GMS,NYD,32673,5033,123,0,0,0
196,Nagykanizsai,ZAL,NYD,77394,5086,124,0,0,0
106,Gyöngyösi,HEV,ÉM,72700,5104,125,0,0,0
192,Zirci,VES,KD,19324,5135,126,0,0,0
088,Kapuvári,GMS,NYD,24473,5138,127,0,0,0
172,Paksi,TOL,DD,49319,5166,128,0,0,0
068,Tiszaújvárosi,BAZ,ÉM,31426,5191,129,0,0,0
061,Miskolci,BAZ,ÉM,242796,5214,130,0,0,0
189,Tapolcai,VES,KD,34423,5220,131,0,0,0
048,Gyulai,BEK,DA,41118,5221,132,0,0,0
190,Várpalotai,VES,KD,37067,5249,133,0,0,0
038,Kecskeméti,BKK,DA,156475,5262,134,0,0,0
130,Monori,PST,KM,66538,5281,135,0,0,0
078,Dunaújvárosi,FEJ,KD,91097,5330,136,0,0,0
110,Esztergomi,KOE,KD,92341,5380,137,0,0,0
173,Szekszárdi,TOL,DD,58958,5440,138,0,0,0
046,Békéscsabai,BEK,DA,81694,5489,139,0,0,0
167,Szolnoki,JNS,ÉA,117837,5544,140,0,0,0
178,Kőszegi,VAS,NYD,25578,5564,141,0,0,0
193,Keszthelyi,ZAL,NYD,49280,5565,142,0,0,0
112,Komáromi,KOE,KD,39236,5592,143,0,0,0
197,Zalaegerszegi,ZAL,NYD,101765,5595,144,0,0,0
138,Váci,PST,KM,67436,5600,145,0,0,0
157,Nyíregyházi,SSB,ÉA,166154,5611,146,0,0,0
183,Ajkai,VES,KD,38784,5611,147,0,0,0
082,Móri,FEJ,KD,34299,5612,148,0,0,0
113,Oroszlányi,KOE,KD,25750,5662,149,0,0,0
146,Siófoki,SOM,DD,51544,5719,150,0,0,0
104,Egri,HEV,ÉM,85679,5764,151,0,0,0
129,Gyáli,PST,KM,40564,5791,152,0,0,0
184,Balatonalmádi,VES,KD,24485,5928,153,0,0,0
115,Tatabányai,KOE,KD,84691,5955,154,0,0,0
114,Tatai,KOE,KD,38626,5957,155,0,0,0
028,Pécsi,BAR,DD,178968,6051,156,0,0,0
080,Gárdonyi,FEJ,KD,29978,6070,157,0,0,0
089,Mosonmagyaróvári,GMS,NYD,72863,6083,158,0,0,0
095,Debreceni,HBH,ÉA,216773,6096,159,0,0,0
085,Székesfehérvári,FEJ,KD,153236,6112,160,0,0,0
181,Szombathelyi,VAS,NYD,110392,6269,161,0,0,0
185,Balatonfüredi,VES,KD,24335,6277,162,0,0,0
075,Szegedi,CSN,DA,197808,6383,163,0,0,0
023,"Budapest, XXIII. ker.",BP,KM,22257,6397,164,0,0,0
128,Gödöllői,PST,KM,140643,6478,165,0,0,0
091,Soproni,GMS,NYD,99397,6547,166,0,0,0
191,Veszprémi,VES,KD,82186,6550,167,0,0,0
139,Vecsési,PST,KM,47398,6602,168,0,0,0
087,Győri,GMS,NYD,190912,6669,169,0,0,0
136,Szigetszentmiklósi,PST,KM,110751,6671,170,0,0,0
133,Pilisvörösvári,PST,KM,52832,6702,171,0,0,0
127,Érdi,PST,KM,117564,6764,172,0,0,0
021,"Budapest, XXI. ker.",BP,KM,76503,6865,173,0,0,0
135,Szentendrei,PST,KM,77918,6882,174,0,0,0
008,"Budapest, VIII. ker.",BP,KM,75294,6934,175,0,0,0
020,"Budapest, XX. ker.",BP,KM,65569,6938,176,0,0,0
015,"Budapest, XV. ker.",BP,KM,80287,6991,177,0,0,0
017,"Budapest, XVII. ker.",BP,KM,87356,7062,178,0,0,0
010,"Budapest, X. ker.",BP,KM,78986,7159,179,0,0,0
019,"Budapest, XIX. ker.",BP,KM,60738,7277,180,0,0,0
007,"Budapest, VII. ker.",BP,KM,55121,7350,181,0,0,0
004,"Budapest, IV. ker.",BP,KM,100282,7357,182,0,0,0
009,"Budapest, IX. ker.",BP,KM,59019,7400,183,0,0,0
022,"Budapest, XXII. ker.",BP,KM,54348,7405,184,0,0,0
126,Dunakeszi,PST,KM,79728,7431,185,0,0,0
018,"Budapest, XVIII. ker.",BP,KM,101317,7520,186,0,0,0
003,"Budapest, III. ker.",BP,KM,127602,7582,187,0,0,0
014,"Budapest, XIV. ker.",BP,KM,124300,7620,188,0,0,0
013,"Budapest, XIII. ker.",BP,KM,119352,7648,189,0,0,0
123,Budakeszi,PST,KM,85333,7715,190,0,0,0
006,"Budapest, VI. ker.",BP,KM,38286,7831,191,0,0,0
016,"Budapest, XVI. ker.",BP,KM,72639,7832,192,0,0,0
001,"Budapest, I. ker.",BP,KM,24679,7997,193,0,0,0
011,"Budapest, XI. ker.",BP,KM,147275,8045,194,0,0,0
005,"Budapest, V. ker.",BP,KM,26048,8098,195,0,0,0
012,"Budapest, XII. ker.",BP,KM,58068,8258,196,0,0,0
002,"Budapest, II. ker.",BP,KM,89339,8396,197,0,0,0
