county_name,year,age_group,population
Budapest,2001,age_0_14,226546
Budapest,2002,age_0_14,220122
Budapest,2003,age_0_14,216533
Budapest,2004,age_0_14,212777
Budapest,2005,age_0_14,210835
Budapest,2006,age_0_14,210797
Budapest,2007,age_0_14,210871
Budapest,2008,age_0_14,212663
Budapest,2009,age_0_14,215102
Budapest,2010,age_0_14,218563
Budapest,2011,age_0_14,222948
Budapest,2012,age_0_14,218182
Budapest,2013,age_0_14,223170
Budapest,2014,age_0_14,228183
Budapest,2015,age_0_14,233159
Budapest,2016,age_0_14,235691
Budapest,2017,age_0_14,235146
Budapest,2018,age_0_14,233511
Budapest,2019,age_0_14,231366
Budapest,2020,age_0_14,228649
Budapest,2021,age_0_14,222704
Budapest,2022,age_0_14,216523
Budapest,2023,age_0_14,211060
Budapest,2024,age_0_14,210663
Budapest,2025,age_0_14,206616
Budapest,2026,age_0_14,201978
Pest,2001,age_0_14,189764
Pest,2002,age_0_14,191621
Pest,2003,age_0_14,193378
Pest,2004,age_0_14,195735
Pest,2005,age_0_14,197059
Pest,2006,age_0_14,198534
Pest,2007,age_0_14,200563
Pest,2008,age_0_14,202415
Pest,2009,age_0_14,204521
Pest,2010,age_0_14,206109
Pest,2011,age_0_14,205518
Pest,2012,age_0_14,200791
Pest,2013,age_0_14,200565
Pest,2014,age_0_14,200167
Pest,2015,age_0_14,201197
Pest,2016,age_0_14,202058
Pest,2017,age_0_14,204794
Pest,2018,age_0_14,207948
Pest,2019,age_0_14,211126
Pest,2020,age_0_14,214279
Pest,2021,age_0_14,216947
Pest,2022,age_0_14,220317
Pest,2023,age_0_14,223059
Pest,2024,age_0_14,222013
Pest,2025,age_0_14,219762
Pest,2026,age_0_14,217471
Fejér,2001,age_0_14,74418
Fejér,2002,age_0_14,72917
Fejér,2003,age_0_14,71480
Fejér,2004,age_0_14,70169
Fejér,2005,age_0_14,68886
Fejér,2006,age_0_14,67300
Fejér,2007,age_0_14,65912
Fejér,2008,age_0_14,64702
Fejér,2009,age_0_14,63709
Fejér,2010,age_0_14,62833
Fejér,2011,age_0_14,61916
Fejér,2012,age_0_14,60747
Fejér,2013,age_0_14,60456
Fejér,2014,age_0_14,60236
Fejér,2015,age_0_14,59979
Fejér,2016,age_0_14,60574
Fejér,2017,age_0_14,60122
Fejér,2018,age_0_14,60248
Fejér,2019,age_0_14,60352
Fejér,2020,age_0_14,60485
Fejér,2021,age_0_14,60911
Fejér,2022,age_0_14,61217
Fejér,2023,age_0_14,61989
Fejér,2024,age_0_14,61742
Fejér,2025,age_0_14,61384
Fejér,2026,age_0_14,60888
Komárom-Esztergom,2001,age_0_14,53788
Komárom-Esztergom,2002,age_0_14,52640
Komárom-Esztergom,2003,age_0_14,51620
Komárom-Esztergom,2004,age_0_14,50530
Komárom-Esztergom,2005,age_0_14,49783
Komárom-Esztergom,2006,age_0_14,48774
Komárom-Esztergom,2007,age_0_14,47873
Komárom-Esztergom,2008,age_0_14,47153
Komárom-Esztergom,2009,age_0_14,46630
Komárom-Esztergom,2010,age_0_14,46000
Komárom-Esztergom,2011,age_0_14,45384
Komárom-Esztergom,2012,age_0_14,44023
Komárom-Esztergom,2013,age_0_14,43703
Komárom-Esztergom,2014,age_0_14,43409
Komárom-Esztergom,2015,age_0_14,43429
Komárom-Esztergom,2016,age_0_14,43350
Komárom-Esztergom,2017,age_0_14,43472
Komárom-Esztergom,2018,age_0_14,43483
Komárom-Esztergom,2019,age_0_14,43752
Komárom-Esztergom,2020,age_0_14,43938
Komárom-Esztergom,2021,age_0_14,43931
Komárom-Esztergom,2022,age_0_14,43940
Komárom-Esztergom,2023,age_0_14,43894
Komárom-Esztergom,2024,age_0_14,43598
Komárom-Esztergom,2025,age_0_14,43139
Komárom-Esztergom,2026,age_0_14,42420
Veszprém,2001,age_0_14,62531
Veszprém,2002,age_0_14,60708
Veszprém,2003,age_0_14,58610
Veszprém,2004,age_0_14,57379
Veszprém,2005,age_0_14,55829
Veszprém,2006,age_0_14,54443
Veszprém,2007,age_0_14,52885
Veszprém,2008,age_0_14,51760
Veszprém,2009,age_0_14,50759
Veszprém,2010,age_0_14,50122
Veszprém,2011,age_0_14,48885
Veszprém,2012,age_0_14,48685
Veszprém,2013,age_0_14,47787
Veszprém,2014,age_0_14,47293
Veszprém,2015,age_0_14,47043
Veszprém,2016,age_0_14,46916
Veszprém,2017,age_0_14,46925
Veszprém,2018,age_0_14,46722
Veszprém,2019,age_0_14,46530
Veszprém,2020,age_0_14,46280
Veszprém,2021,age_0_14,46355
Veszprém,2022,age_0_14,46220
Veszprém,2023,age_0_14,46499
Veszprém,2024,age_0_14,45802
Veszprém,2025,age_0_14,45163
Veszprém,2026,age_0_14,44503
Győr-Moson-Sopron,2001,age_0_14,69288
Győr-Moson-Sopron,2002,age_0_14,68123
Győr-Moson-Sopron,2003,age_0_14,67864
Győr-Moson-Sopron,2004,age_0_14,67008
Győr-Moson-Sopron,2005,age_0_14,66181
Győr-Moson-Sopron,2006,age_0_14,65616
Győr-Moson-Sopron,2007,age_0_14,65278
Győr-Moson-Sopron,2008,age_0_14,65018
Győr-Moson-Sopron,2009,age_0_14,65075
Győr-Moson-Sopron,2010,age_0_14,65056
Győr-Moson-Sopron,2011,age_0_14,64851
Győr-Moson-Sopron,2012,age_0_14,63540
Győr-Moson-Sopron,2013,age_0_14,63932
Győr-Moson-Sopron,2014,age_0_14,64215
Győr-Moson-Sopron,2015,age_0_14,64680
Győr-Moson-Sopron,2016,age_0_14,65149
Győr-Moson-Sopron,2017,age_0_14,65498
Győr-Moson-Sopron,2018,age_0_14,66155
Győr-Moson-Sopron,2019,age_0_14,66936
Győr-Moson-Sopron,2020,age_0_14,67568
Győr-Moson-Sopron,2021,age_0_14,68651
Győr-Moson-Sopron,2022,age_0_14,68955
Győr-Moson-Sopron,2023,age_0_14,69355
Győr-Moson-Sopron,2024,age_0_14,69731
Győr-Moson-Sopron,2025,age_0_14,69452
Győr-Moson-Sopron,2026,age_0_14,68841
Vas,2001,age_0_14,43431
Vas,2002,age_0_14,42535
Vas,2003,age_0_14,41497
Vas,2004,age_0_14,40549
Vas,2005,age_0_14,39573
Vas,2006,age_0_14,38687
Vas,2007,age_0_14,37800
Vas,2008,age_0_14,36993
Vas,2009,age_0_14,36285
Vas,2010,age_0_14,35483
Vas,2011,age_0_14,34559
Vas,2012,age_0_14,34056
Vas,2013,age_0_14,33532
Vas,2014,age_0_14,33309
Vas,2015,age_0_14,33020
Vas,2016,age_0_14,32847
Vas,2017,age_0_14,32732
Vas,2018,age_0_14,32673
Vas,2019,age_0_14,32725
Vas,2020,age_0_14,32733
Vas,2021,age_0_14,32789
Vas,2022,age_0_14,32760
Vas,2023,age_0_14,33425
Vas,2024,age_0_14,33220
Vas,2025,age_0_14,32946
Vas,2026,age_0_14,32576
Zala,2001,age_0_14,46955
Zala,2002,age_0_14,45815
Zala,2003,age_0_14,44462
Zala,2004,age_0_14,43236
Zala,2005,age_0_14,42061
Zala,2006,age_0_14,40897
Zala,2007,age_0_14,39922
Zala,2008,age_0_14,38966
Zala,2009,age_0_14,38408
Zala,2010,age_0_14,37480
Zala,2011,age_0_14,36651
Zala,2012,age_0_14,36513
Zala,2013,age_0_14,35860
Zala,2014,age_0_14,35218
Zala,2015,age_0_14,34999
Zala,2016,age_0_14,34649
Zala,2017,age_0_14,34334
Zala,2018,age_0_14,34087
Zala,2019,age_0_14,33846
Zala,2020,age_0_14,33524
Zala,2021,age_0_14,33023
Zala,2022,age_0_14,32659
Zala,2023,age_0_14,32697
Zala,2024,age_0_14,32225
Zala,2025,age_0_14,31450
Zala,2026,age_0_14,30895
Baranya,2001,age_0_14,65908
Baranya,2002,age_0_14,64578
Baranya,2003,age_0_14,63360
Baranya,2004,age_0_14,61944
Baranya,2005,age_0_14,60954
Baranya,2006,age_0_14,59662
Baranya,2007,age_0_14,58576
Baranya,2008,age_0_14,57572
Baranya,2009,age_0_14,56520
Baranya,2010,age_0_14,55645
Baranya,2011,age_0_14,54691
Baranya,2012,age_0_14,53211
Baranya,2013,age_0_14,52361
Baranya,2014,age_0_14,51868
Baranya,2015,age_0_14,51476
Baranya,2016,age_0_14,50958
Baranya,2017,age_0_14,50424
Baranya,2018,age_0_14,50095
Baranya,2019,age_0_14,49554
Baranya,2020,age_0_14,49047
Baranya,2021,age_0_14,48724
Baranya,2022,age_0_14,47957
Baranya,2023,age_0_14,47277
Baranya,2024,age_0_14,46670
Baranya,2025,age_0_14,45796
Baranya,2026,age_0_14,44933
Somogy,2001,age_0_14,56790
Somogy,2002,age_0_14,55564
Somogy,2003,age_0_14,54685
Somogy,2004,age_0_14,53694
Somogy,2005,age_0_14,52443
Somogy,2006,age_0_14,51004
Somogy,2007,age_0_14,49779
Somogy,2008,age_0_14,48380
Somogy,2009,age_0_14,47075
Somogy,2010,age_0_14,45972
Somogy,2011,age_0_14,44863
Somogy,2012,age_0_14,44867
Somogy,2013,age_0_14,43877
Somogy,2014,age_0_14,42912
Somogy,2015,age_0_14,42360
Somogy,2016,age_0_14,41481
Somogy,2017,age_0_14,40978
Somogy,2018,age_0_14,40525
Somogy,2019,age_0_14,40147
Somogy,2020,age_0_14,39653
Somogy,2021,age_0_14,39748
Somogy,2022,age_0_14,39508
Somogy,2023,age_0_14,39904
Somogy,2024,age_0_14,39313
Somogy,2025,age_0_14,38647
Somogy,2026,age_0_14,38049
Tolna,2001,age_0_14,42535
Tolna,2002,age_0_14,41283
Tolna,2003,age_0_14,40425
Tolna,2004,age_0_14,39361
Tolna,2005,age_0_14,38305
Tolna,2006,age_0_14,36973
Tolna,2007,age_0_14,35739
Tolna,2008,age_0_14,34644
Tolna,2009,age_0_14,33736
Tolna,2010,age_0_14,33088
Tolna,2011,age_0_14,32193
Tolna,2012,age_0_14,32052
Tolna,2013,age_0_14,31449
Tolna,2014,age_0_14,30981
Tolna,2015,age_0_14,30681
Tolna,2016,age_0_14,30372
Tolna,2017,age_0_14,30139
Tolna,2018,age_0_14,29819
Tolna,2019,age_0_14,29605
Tolna,2020,age_0_14,29261
Tolna,2021,age_0_14,29130
Tolna,2022,age_0_14,29014
Tolna,2023,age_0_14,29255
Tolna,2024,age_0_14,29011
Tolna,2025,age_0_14,28580
Tolna,2026,age_0_14,28185
Borsod-Abaúj-Zemplén,2001,age_0_14,142631
Borsod-Abaúj-Zemplén,2002,age_0_14,139457
Borsod-Abaúj-Zemplén,2003,age_0_14,136539
Borsod-Abaúj-Zemplén,2004,age_0_14,133105
Borsod-Abaúj-Zemplén,2005,age_0_14,129639
Borsod-Abaúj-Zemplén,2006,age_0_14,126009
Borsod-Abaúj-Zemplén,2007,age_0_14,122651
Borsod-Abaúj-Zemplén,2008,age_0_14,119224
Borsod-Abaúj-Zemplén,2009,age_0_14,116599
Borsod-Abaúj-Zemplén,2010,age_0_14,113544
Borsod-Abaúj-Zemplén,2011,age_0_14,110659
Borsod-Abaúj-Zemplén,2012,age_0_14,110879
Borsod-Abaúj-Zemplén,2013,age_0_14,108190
Borsod-Abaúj-Zemplén,2014,age_0_14,106097
Borsod-Abaúj-Zemplén,2015,age_0_14,104854
Borsod-Abaúj-Zemplén,2016,age_0_14,103604
Borsod-Abaúj-Zemplén,2017,age_0_14,103081
Borsod-Abaúj-Zemplén,2018,age_0_14,102604
Borsod-Abaúj-Zemplén,2019,age_0_14,102078
Borsod-Abaúj-Zemplén,2020,age_0_14,101751
Borsod-Abaúj-Zemplén,2021,age_0_14,101758
Borsod-Abaúj-Zemplén,2022,age_0_14,100914
Borsod-Abaúj-Zemplén,2023,age_0_14,101700
Borsod-Abaúj-Zemplén,2024,age_0_14,100996
Borsod-Abaúj-Zemplén,2025,age_0_14,99960
Borsod-Abaúj-Zemplén,2026,age_0_14,98889
Heves,2001,age_0_14,53503
Heves,2002,age_0_14,52660
Heves,2003,age_0_14,51788
Heves,2004,age_0_14,50873
Heves,2005,age_0_14,50107
Heves,2006,age_0_14,49369
Heves,2007,age_0_14,48403
Heves,2008,age_0_14,47331
Heves,2009,age_0_14,46527
Heves,2010,age_0_14,45544
Heves,2011,age_0_14,44603
Heves,2012,age_0_14,44887
Heves,2013,age_0_14,43859
Heves,2014,age_0_14,43256
Heves,2015,age_0_14,42980
Heves,2016,age_0_14,42570
Heves,2017,age_0_14,42177
Heves,2018,age_0_14,42025
Heves,2019,age_0_14,41864
Heves,2020,age_0_14,41651
Heves,2021,age_0_14,41576
Heves,2022,age_0_14,41555
Heves,2023,age_0_14,41784
Heves,2024,age_0_14,41188
Heves,2025,age_0_14,40737
Heves,2026,age_0_14,40330
Nógrád,2001,age_0_14,37054
Nógrád,2002,age_0_14,36442
Nógrád,2003,age_0_14,35848
Nógrád,2004,age_0_14,35229
Nógrád,2005,age_0_14,34436
Nógrád,2006,age_0_14,33572
Nógrád,2007,age_0_14,32712
Nógrád,2008,age_0_14,31813
Nógrád,2009,age_0_14,30986
Nógrád,2010,age_0_14,30087
Nógrád,2011,age_0_14,29181
Nógrád,2012,age_0_14,29029
Nógrád,2013,age_0_14,28350
Nógrád,2014,age_0_14,27718
Nógrád,2015,age_0_14,27328
Nógrád,2016,age_0_14,26757
Nógrád,2017,age_0_14,26523
Nógrád,2018,age_0_14,26229
Nógrád,2019,age_0_14,25774
Nógrád,2020,age_0_14,25596
Nógrád,2021,age_0_14,25747
Nógrád,2022,age_0_14,25733
Nógrád,2023,age_0_14,26168
Nógrád,2024,age_0_14,26042
Nógrád,2025,age_0_14,25874
Nógrád,2026,age_0_14,25640
Hajdú-Bihar,2001,age_0_14,102844
Hajdú-Bihar,2002,age_0_14,100975
Hajdú-Bihar,2003,age_0_14,99341
Hajdú-Bihar,2004,age_0_14,97485
Hajdú-Bihar,2005,age_0_14,95649
Hajdú-Bihar,2006,age_0_14,93511
Hajdú-Bihar,2007,age_0_14,91339
Hajdú-Bihar,2008,age_0_14,89415
Hajdú-Bihar,2009,age_0_14,87742
Hajdú-Bihar,2010,age_0_14,86324
Hajdú-Bihar,2011,age_0_14,84255
Hajdú-Bihar,2012,age_0_14,83803
Hajdú-Bihar,2013,age_0_14,82556
Hajdú-Bihar,2014,age_0_14,81695
Hajdú-Bihar,2015,age_0_14,81299
Hajdú-Bihar,2016,age_0_14,80714
Hajdú-Bihar,2017,age_0_14,80326
Hajdú-Bihar,2018,age_0_14,79911
Hajdú-Bihar,2019,age_0_14,79555
Hajdú-Bihar,2020,age_0_14,79420
Hajdú-Bihar,2021,age_0_14,79572
Hajdú-Bihar,2022,age_0_14,79720
Hajdú-Bihar,2023,age_0_14,78922
Hajdú-Bihar,2024,age_0_14,78865
Hajdú-Bihar,2025,age_0_14,78459
Hajdú-Bihar,2026,age_0_14,77919
Jász-Nagykun-Szolnok,2001,age_0_14,73914
Jász-Nagykun-Szolnok,2002,age_0_14,72316
Jász-Nagykun-Szolnok,2003,age_0_14,70815
Jász-Nagykun-Szolnok,2004,age_0_14,69109
Jász-Nagykun-Szolnok,2005,age_0_14,67486
Jász-Nagykun-Szolnok,2006,age_0_14,65491
Jász-Nagykun-Szolnok,2007,age_0_14,63569
Jász-Nagykun-Szolnok,2008,age_0_14,61963
Jász-Nagykun-Szolnok,2009,age_0_14,60609
Jász-Nagykun-Szolnok,2010,age_0_14,59193
Jász-Nagykun-Szolnok,2011,age_0_14,57702
Jász-Nagykun-Szolnok,2012,age_0_14,57766
Jász-Nagykun-Szolnok,2013,age_0_14,56543
Jász-Nagykun-Szolnok,2014,age_0_14,55776
Jász-Nagykun-Szolnok,2015,age_0_14,55216
Jász-Nagykun-Szolnok,2016,age_0_14,54633
Jász-Nagykun-Szolnok,2017,age_0_14,54276
Jász-Nagykun-Szolnok,2018,age_0_14,53968
Jász-Nagykun-Szolnok,2019,age_0_14,53815
Jász-Nagykun-Szolnok,2020,age_0_14,53498
Jász-Nagykun-Szolnok,2021,age_0_14,53385
Jász-Nagykun-Szolnok,2022,age_0_14,52897
Jász-Nagykun-Szolnok,2023,age_0_14,53352
Jász-Nagykun-Szolnok,2024,age_0_14,52946
Jász-Nagykun-Szolnok,2025,age_0_14,52281
Jász-Nagykun-Szolnok,2026,age_0_14,51827
Szabolcs-Szatmár-Bereg,2001,age_0_14,120447
Szabolcs-Szatmár-Bereg,2002,age_0_14,118049
Szabolcs-Szatmár-Bereg,2003,age_0_14,115813
Szabolcs-Szatmár-Bereg,2004,age_0_14,113199
Szabolcs-Szatmár-Bereg,2005,age_0_14,110985
Szabolcs-Szatmár-Bereg,2006,age_0_14,108529
Szabolcs-Szatmár-Bereg,2007,age_0_14,106348
Szabolcs-Szatmár-Bereg,2008,age_0_14,103817
Szabolcs-Szatmár-Bereg,2009,age_0_14,101369
Szabolcs-Szatmár-Bereg,2010,age_0_14,98810
Szabolcs-Szatmár-Bereg,2011,age_0_14,95867
Szabolcs-Szatmár-Bereg,2012,age_0_14,96561
Szabolcs-Szatmár-Bereg,2013,age_0_14,94021
Szabolcs-Szatmár-Bereg,2014,age_0_14,92072
Szabolcs-Szatmár-Bereg,2015,age_0_14,91440
Szabolcs-Szatmár-Bereg,2016,age_0_14,90715
Szabolcs-Szatmár-Bereg,2017,age_0_14,90191
Szabolcs-Szatmár-Bereg,2018,age_0_14,89124
Szabolcs-Szatmár-Bereg,2019,age_0_14,88115
Szabolcs-Szatmár-Bereg,2020,age_0_14,87224
Szabolcs-Szatmár-Bereg,2021,age_0_14,86839
Szabolcs-Szatmár-Bereg,2022,age_0_14,86116
Szabolcs-Szatmár-Bereg,2023,age_0_14,86505
Szabolcs-Szatmár-Bereg,2024,age_0_14,85988
Szabolcs-Szatmár-Bereg,2025,age_0_14,85262
Szabolcs-Szatmár-Bereg,2026,age_0_14,84914
Bács-Kiskun,2001,age_0_14,93876
Bács-Kiskun,2002,age_0_14,91878
Bács-Kiskun,2003,age_0_14,90053
Bács-Kiskun,2004,age_0_14,87909
Bács-Kiskun,2005,age_0_14,85967
Bács-Kiskun,2006,age_0_14,83748
Bács-Kiskun,2007,age_0_14,81948
Bács-Kiskun,2008,age_0_14,80167
Bács-Kiskun,2009,age_0_14,78880
Bács-Kiskun,2010,age_0_14,77516
Bács-Kiskun,2011,age_0_14,75863
Bács-Kiskun,2012,age_0_14,75212
Bács-Kiskun,2013,age_0_14,74217
Bács-Kiskun,2014,age_0_14,73478
Bács-Kiskun,2015,age_0_14,72929
Bács-Kiskun,2016,age_0_14,72391
Bács-Kiskun,2017,age_0_14,71819
Bács-Kiskun,2018,age_0_14,71718
Bács-Kiskun,2019,age_0_14,71828
Bács-Kiskun,2020,age_0_14,71729
Bács-Kiskun,2021,age_0_14,72017
Bács-Kiskun,2022,age_0_14,71754
Bács-Kiskun,2023,age_0_14,72266
Bács-Kiskun,2024,age_0_14,71938
Bács-Kiskun,2025,age_0_14,71241
Bács-Kiskun,2026,age_0_14,70384
Békés,2001,age_0_14,66711
Békés,2002,age_0_14,64921
Békés,2003,age_0_14,63170
Békés,2004,age_0_14,61526
Békés,2005,age_0_14,59560
Békés,2006,age_0_14,57864
Békés,2007,age_0_14,55886
Békés,2008,age_0_14,53939
Békés,2009,age_0_14,52156
Békés,2010,age_0_14,50641
Békés,2011,age_0_14,48939
Békés,2012,age_0_14,49346
Békés,2013,age_0_14,48036
Békés,2014,age_0_14,46863
Békés,2015,age_0_14,45912
Békés,2016,age_0_14,45155
Békés,2017,age_0_14,44181
Békés,2018,age_0_14,43266
Békés,2019,age_0_14,42638
Békés,2020,age_0_14,42027
Békés,2021,age_0_14,41442
Békés,2022,age_0_14,41279
Békés,2023,age_0_14,41640
Békés,2024,age_0_14,41222
Békés,2025,age_0_14,40539
Békés,2026,age_0_14,40007
Csongrád-Csanád,2001,age_0_14,69063
Csongrád-Csanád,2002,age_0_14,67509
Csongrád-Csanád,2003,age_0_14,66407
Csongrád-Csanád,2004,age_0_14,65300
Csongrád-Csanád,2005,age_0_14,63959
Csongrád-Csanád,2006,age_0_14,62663
Csongrád-Csanád,2007,age_0_14,61600
Csongrád-Csanád,2008,age_0_14,60867
Csongrád-Csanád,2009,age_0_14,59920
Csongrád-Csanád,2010,age_0_14,58846
Csongrád-Csanád,2011,age_0_14,57682
Csongrád-Csanád,2012,age_0_14,56140
Csongrád-Csanád,2013,age_0_14,55675
Csongrád-Csanád,2014,age_0_14,55363
Csongrád-Csanád,2015,age_0_14,55319
Csongrád-Csanád,2016,age_0_14,55043
Csongrád-Csanád,2017,age_0_14,54851
Csongrád-Csanád,2018,age_0_14,54835
Csongrád-Csanád,2019,age_0_14,54261
Csongrád-Csanád,2020,age_0_14,54103
Csongrád-Csanád,2021,age_0_14,53702
Csongrád-Csanád,2022,age_0_14,53427
Csongrád-Csanád,2023,age_0_14,52304
Csongrád-Csanád,2024,age_0_14,52006
Csongrád-Csanád,2025,age_0_14,51466
Csongrád-Csanád,2026,age_0_14,50899
Budapest,2001,age_15_64,1219448
Budapest,2002,age_15_64,1208914
Budapest,2003,age_15_64,1194968
Budapest,2004,age_15_64,1185614
Budapest,2005,age_15_64,1179709
Budapest,2006,age_15_64,1179267
Budapest,2007,age_15_64,1175679
Budapest,2008,age_15_64,1176808
Budapest,2009,age_15_64,1180659
Budapest,2010,age_15_64,1182590
Budapest,2011,age_15_64,1188004
Budapest,2012,age_15_64,1184048
Budapest,2013,age_15_64,1177819
Budapest,2014,age_15_64,1172066
Budapest,2015,age_15_64,1171421
Budapest,2016,age_15_64,1163131
Budapest,2017,age_15_64,1151239
Budapest,2018,age_15_64,1144494
Budapest,2019,age_15_64,1139005
Budapest,2020,age_15_64,1128890
Budapest,2021,age_15_64,1107960
Budapest,2022,age_15_64,1098551
Budapest,2023,age_15_64,1106478
Budapest,2024,age_15_64,1122883
Budapest,2025,age_15_64,1128114
Budapest,2026,age_15_64,1124549
Pest,2001,age_15_64,741430
Pest,2002,age_15_64,754795
Pest,2003,age_15_64,766316
Pest,2004,age_15_64,780336
Pest,2005,age_15_64,795165
Pest,2006,age_15_64,804283
Pest,2007,age_15_64,817228
Pest,2008,age_15_64,829035
Pest,2009,age_15_64,840180
Pest,2010,age_15_64,849471
Pest,2011,age_15_64,853765
Pest,2012,age_15_64,833755
Pest,2013,age_15_64,832391
Pest,2014,age_15_64,828536
Pest,2015,age_15_64,825626
Pest,2016,age_15_64,826207
Pest,2017,age_15_64,829703
Pest,2018,age_15_64,835538
Pest,2019,age_15_64,841479
Pest,2020,age_15_64,847475
Pest,2021,age_15_64,852485
Pest,2022,age_15_64,862174
Pest,2023,age_15_64,868437
Pest,2024,age_15_64,872365
Pest,2025,age_15_64,875838
Pest,2026,age_15_64,878984
Fejér,2001,age_15_64,295874
Fejér,2002,age_15_64,297218
Fejér,2003,age_15_64,297194
Fejér,2004,age_15_64,297840
Fejér,2005,age_15_64,298481
Fejér,2006,age_15_64,298474
Fejér,2007,age_15_64,299292
Fejér,2008,age_15_64,299202
Fejér,2009,age_15_64,298987
Fejér,2010,age_15_64,297884
Fejér,2011,age_15_64,297041
Fejér,2012,age_15_64,294386
Fejér,2013,age_15_64,292456
Fejér,2014,age_15_64,289556
Fejér,2015,age_15_64,286330
Fejér,2016,age_15_64,284816
Fejér,2017,age_15_64,281329
Fejér,2018,age_15_64,280412
Fejér,2019,age_15_64,279485
Fejér,2020,age_15_64,277668
Fejér,2021,age_15_64,275380
Fejér,2022,age_15_64,274047
Fejér,2023,age_15_64,273124
Fejér,2024,age_15_64,272400
Fejér,2025,age_15_64,271096
Fejér,2026,age_15_64,269430
Komárom-Esztergom,2001,age_15_64,219803
Komárom-Esztergom,2002,age_15_64,220374
Komárom-Esztergom,2003,age_15_64,219491
Komárom-Esztergom,2004,age_15_64,220346
Komárom-Esztergom,2005,age_15_64,220131
Komárom-Esztergom,2006,age_15_64,219612
Komárom-Esztergom,2007,age_15_64,220248
Komárom-Esztergom,2008,age_15_64,219739
Komárom-Esztergom,2009,age_15_64,219566
Komárom-Esztergom,2010,age_15_64,217473
Komárom-Esztergom,2011,age_15_64,216695
Komárom-Esztergom,2012,age_15_64,210514
Komárom-Esztergom,2013,age_15_64,209055
Komárom-Esztergom,2014,age_15_64,207113
Komárom-Esztergom,2015,age_15_64,205217
Komárom-Esztergom,2016,age_15_64,203732
Komárom-Esztergom,2017,age_15_64,202244
Komárom-Esztergom,2018,age_15_64,201768
Komárom-Esztergom,2019,age_15_64,202145
Komárom-Esztergom,2020,age_15_64,202504
Komárom-Esztergom,2021,age_15_64,200074
Komárom-Esztergom,2022,age_15_64,198278
Komárom-Esztergom,2023,age_15_64,198148
Komárom-Esztergom,2024,age_15_64,198548
Komárom-Esztergom,2025,age_15_64,196361
Komárom-Esztergom,2026,age_15_64,195388
Veszprém,2001,age_15_64,259311
Veszprém,2002,age_15_64,259633
Veszprém,2003,age_15_64,256857
Veszprém,2004,age_15_64,256225
Veszprém,2005,age_15_64,255179
Veszprém,2006,age_15_64,254219
Veszprém,2007,age_15_64,253618
Veszprém,2008,age_15_64,251792
Veszprém,2009,age_15_64,250824
Veszprém,2010,age_15_64,248874
Veszprém,2011,age_15_64,247411
Veszprém,2012,age_15_64,244582
Veszprém,2013,age_15_64,242165
Veszprém,2014,age_15_64,239334
Veszprém,2015,age_15_64,236249
Veszprém,2016,age_15_64,233054
Veszprém,2017,age_15_64,229867
Veszprém,2018,age_15_64,228133
Veszprém,2019,age_15_64,226727
Veszprém,2020,age_15_64,224798
Veszprém,2021,age_15_64,222387
Veszprém,2022,age_15_64,219780
Veszprém,2023,age_15_64,217382
Veszprém,2024,age_15_64,214936
Veszprém,2025,age_15_64,212339
Veszprém,2026,age_15_64,209792
Győr-Moson-Sopron,2001,age_15_64,301745
Győr-Moson-Sopron,2002,age_15_64,303492
Győr-Moson-Sopron,2003,age_15_64,306586
Győr-Moson-Sopron,2004,age_15_64,307882
Győr-Moson-Sopron,2005,age_15_64,307986
Győr-Moson-Sopron,2006,age_15_64,309492
Győr-Moson-Sopron,2007,age_15_64,310111
Győr-Moson-Sopron,2008,age_15_64,310929
Győr-Moson-Sopron,2009,age_15_64,312746
Győr-Moson-Sopron,2010,age_15_64,312995
Győr-Moson-Sopron,2011,age_15_64,314083
Győr-Moson-Sopron,2012,age_15_64,309866
Győr-Moson-Sopron,2013,age_15_64,309773
Győr-Moson-Sopron,2014,age_15_64,308616
Győr-Moson-Sopron,2015,age_15_64,307232
Győr-Moson-Sopron,2016,age_15_64,306151
Győr-Moson-Sopron,2017,age_15_64,305107
Győr-Moson-Sopron,2018,age_15_64,305966
Győr-Moson-Sopron,2019,age_15_64,307853
Győr-Moson-Sopron,2020,age_15_64,309430
Győr-Moson-Sopron,2021,age_15_64,311138
Győr-Moson-Sopron,2022,age_15_64,310731
Győr-Moson-Sopron,2023,age_15_64,312034
Győr-Moson-Sopron,2024,age_15_64,312458
Győr-Moson-Sopron,2025,age_15_64,310335
Győr-Moson-Sopron,2026,age_15_64,308895
Vas,2001,age_15_64,184698
Vas,2002,age_15_64,185073
Vas,2003,age_15_64,184809
Vas,2004,age_15_64,184528
Vas,2005,age_15_64,184107
Vas,2006,age_15_64,183782
Vas,2007,age_15_64,183252
Vas,2008,age_15_64,182102
Vas,2009,age_15_64,181510
Vas,2010,age_15_64,180098
Vas,2011,age_15_64,179314
Vas,2012,age_15_64,178090
Vas,2013,age_15_64,176492
Vas,2014,age_15_64,174627
Vas,2015,age_15_64,172726
Vas,2016,age_15_64,171144
Vas,2017,age_15_64,169077
Vas,2018,age_15_64,168175
Vas,2019,age_15_64,167020
Vas,2020,age_15_64,165680
Vas,2021,age_15_64,163639
Vas,2022,age_15_64,163059
Vas,2023,age_15_64,163107
Vas,2024,age_15_64,161200
Vas,2025,age_15_64,158462
Vas,2026,age_15_64,156653
Zala,2001,age_15_64,205578
Zala,2002,age_15_64,205063
Zala,2003,age_15_64,205033
Zala,2004,age_15_64,204885
Zala,2005,age_15_64,204432
Zala,2006,age_15_64,203941
Zala,2007,age_15_64,203529
Zala,2008,age_15_64,202034
Zala,2009,age_15_64,200805
Zala,2010,age_15_64,199293
Zala,2011,age_15_64,198191
Zala,2012,age_15_64,195189
Zala,2013,age_15_64,193339
Zala,2014,age_15_64,190627
Zala,2015,age_15_64,187389
Zala,2016,age_15_64,184454
Zala,2017,age_15_64,181258
Zala,2018,age_15_64,178449
Zala,2019,age_15_64,175663
Zala,2020,age_15_64,172711
Zala,2021,age_15_64,169502
Zala,2022,age_15_64,167609
Zala,2023,age_15_64,166417
Zala,2024,age_15_64,164320
Zala,2025,age_15_64,161372
Zala,2026,age_15_64,159555
Baranya,2001,age_15_64,281500
Baranya,2002,age_15_64,280390
Baranya,2003,age_15_64,279390
Baranya,2004,age_15_64,278046
Baranya,2005,age_15_64,276417
Baranya,2006,age_15_64,275289
Baranya,2007,age_15_64,275561
Baranya,2008,age_15_64,274200
Baranya,2009,age_15_64,273240
Baranya,2010,age_15_64,272229
Baranya,2011,age_15_64,270986
Baranya,2012,age_15_64,261619
Baranya,2013,age_15_64,258507
Baranya,2014,age_15_64,255250
Baranya,2015,age_15_64,252182
Baranya,2016,age_15_64,248987
Baranya,2017,age_15_64,246193
Baranya,2018,age_15_64,244002
Baranya,2019,age_15_64,240409
Baranya,2020,age_15_64,237440
Baranya,2021,age_15_64,233698
Baranya,2022,age_15_64,231271
Baranya,2023,age_15_64,228911
Baranya,2024,age_15_64,226811
Baranya,2025,age_15_64,224707
Baranya,2026,age_15_64,222726
Somogy,2001,age_15_64,229096
Somogy,2002,age_15_64,229004
Somogy,2003,age_15_64,228443
Somogy,2004,age_15_64,227588
Somogy,2005,age_15_64,226510
Somogy,2006,age_15_64,225428
Somogy,2007,age_15_64,224740
Somogy,2008,age_15_64,222091
Somogy,2009,age_15_64,220364
Somogy,2010,age_15_64,219296
Somogy,2011,age_15_64,217764
Somogy,2012,age_15_64,217828
Somogy,2013,age_15_64,216861
Somogy,2014,age_15_64,213873
Somogy,2015,age_15_64,209544
Somogy,2016,age_15_64,205879
Somogy,2017,age_15_64,202590
Somogy,2018,age_15_64,199498
Somogy,2019,age_15_64,196299
Somogy,2020,age_15_64,192895
Somogy,2021,age_15_64,191338
Somogy,2022,age_15_64,188627
Somogy,2023,age_15_64,186579
Somogy,2024,age_15_64,183950
Somogy,2025,age_15_64,181467
Somogy,2026,age_15_64,178287
Tolna,2001,age_15_64,170623
Tolna,2002,age_15_64,170388
Tolna,2003,age_15_64,169740
Tolna,2004,age_15_64,168987
Tolna,2005,age_15_64,167945
Tolna,2006,age_15_64,166591
Tolna,2007,age_15_64,165660
Tolna,2008,age_15_64,163893
Tolna,2009,age_15_64,162164
Tolna,2010,age_15_64,160027
Tolna,2011,age_15_64,158393
Tolna,2012,age_15_64,159324
Tolna,2013,age_15_64,157456
Tolna,2014,age_15_64,154980
Tolna,2015,age_15_64,152254
Tolna,2016,age_15_64,149292
Tolna,2017,age_15_64,146830
Tolna,2018,age_15_64,144386
Tolna,2019,age_15_64,141765
Tolna,2020,age_15_64,138741
Tolna,2021,age_15_64,135818
Tolna,2022,age_15_64,133362
Tolna,2023,age_15_64,131514
Tolna,2024,age_15_64,129719
Tolna,2025,age_15_64,128180
Tolna,2026,age_15_64,125964
Borsod-Abaúj-Zemplén,2001,age_15_64,502438
Borsod-Abaúj-Zemplén,2002,age_15_64,500199
Borsod-Abaúj-Zemplén,2003,age_15_64,497507
Borsod-Abaúj-Zemplén,2004,age_15_64,493956
Borsod-Abaúj-Zemplén,2005,age_15_64,490797
Borsod-Abaúj-Zemplén,2006,age_15_64,487903
Borsod-Abaúj-Zemplén,2007,age_15_64,483960
Borsod-Abaúj-Zemplén,2008,age_15_64,477615
Borsod-Abaúj-Zemplén,2009,age_15_64,471639
Borsod-Abaúj-Zemplén,2010,age_15_64,465556
Borsod-Abaúj-Zemplén,2011,age_15_64,461172
Borsod-Abaúj-Zemplén,2012,age_15_64,466081
Borsod-Abaúj-Zemplén,2013,age_15_64,462370
Borsod-Abaúj-Zemplén,2014,age_15_64,457176
Borsod-Abaúj-Zemplén,2015,age_15_64,450739
Borsod-Abaúj-Zemplén,2016,age_15_64,444383
Borsod-Abaúj-Zemplén,2017,age_15_64,437972
Borsod-Abaúj-Zemplén,2018,age_15_64,432023
Borsod-Abaúj-Zemplén,2019,age_15_64,425523
Borsod-Abaúj-Zemplén,2020,age_15_64,418408
Borsod-Abaúj-Zemplén,2021,age_15_64,412812
Borsod-Abaúj-Zemplén,2022,age_15_64,407160
Borsod-Abaúj-Zemplén,2023,age_15_64,401055
Borsod-Abaúj-Zemplén,2024,age_15_64,394700
Borsod-Abaúj-Zemplén,2025,age_15_64,388277
Borsod-Abaúj-Zemplén,2026,age_15_64,382619
Heves,2001,age_15_64,220277
Heves,2002,age_15_64,219957
Heves,2003,age_15_64,218939
Heves,2004,age_15_64,218462
Heves,2005,age_15_64,217826
Heves,2006,age_15_64,216642
Heves,2007,age_15_64,216052
Heves,2008,age_15_64,214079
Heves,2009,age_15_64,212216
Heves,2010,age_15_64,209807
Heves,2011,age_15_64,207527
Heves,2012,age_15_64,208163
Heves,2013,age_15_64,205884
Heves,2014,age_15_64,202876
Heves,2015,age_15_64,199799
Heves,2016,age_15_64,197281
Heves,2017,age_15_64,194757
Heves,2018,age_15_64,193010
Heves,2019,age_15_64,191192
Heves,2020,age_15_64,188764
Heves,2021,age_15_64,186471
Heves,2022,age_15_64,184381
Heves,2023,age_15_64,183536
Heves,2024,age_15_64,181420
Heves,2025,age_15_64,179240
Heves,2026,age_15_64,177376
Nógrád,2001,age_15_64,149465
Nógrád,2002,age_15_64,148864
Nógrád,2003,age_15_64,148081
Nógrád,2004,age_15_64,147167
Nógrád,2005,age_15_64,146269
Nógrád,2006,age_15_64,145240
Nógrád,2007,age_15_64,144045
Nógrád,2008,age_15_64,141780
Nógrád,2009,age_15_64,139810
Nógrád,2010,age_15_64,137755
Nógrád,2011,age_15_64,135852
Nógrád,2012,age_15_64,137123
Nógrád,2013,age_15_64,135223
Nógrád,2014,age_15_64,132852
Nógrád,2015,age_15_64,130212
Nógrád,2016,age_15_64,128005
Nógrád,2017,age_15_64,126145
Nógrád,2018,age_15_64,124382
Nógrád,2019,age_15_64,122520
Nógrád,2020,age_15_64,120664
Nógrád,2021,age_15_64,119305
Nógrád,2022,age_15_64,117580
Nógrád,2023,age_15_64,116118
Nógrád,2024,age_15_64,114494
Nógrád,2025,age_15_64,112950
Nógrád,2026,age_15_64,111234
Hajdú-Bihar,2001,age_15_64,374902
Hajdú-Bihar,2002,age_15_64,375534
Hajdú-Bihar,2003,age_15_64,375679
Hajdú-Bihar,2004,age_15_64,375681
Hajdú-Bihar,2005,age_15_64,375963
Hajdú-Bihar,2006,age_15_64,375523
Hajdú-Bihar,2007,age_15_64,375470
Hajdú-Bihar,2008,age_15_64,374783
Hajdú-Bihar,2009,age_15_64,374004
Hajdú-Bihar,2010,age_15_64,373666
Hajdú-Bihar,2011,age_15_64,373893
Hajdú-Bihar,2012,age_15_64,376165
Hajdú-Bihar,2013,age_15_64,373788
Hajdú-Bihar,2014,age_15_64,370683
Hajdú-Bihar,2015,age_15_64,366664
Hajdú-Bihar,2016,age_15_64,362958
Hajdú-Bihar,2017,age_15_64,358639
Hajdú-Bihar,2018,age_15_64,355646
Hajdú-Bihar,2019,age_15_64,351946
Hajdú-Bihar,2020,age_15_64,348164
Hajdú-Bihar,2021,age_15_64,345368
Hajdú-Bihar,2022,age_15_64,342247
Hajdú-Bihar,2023,age_15_64,341190
Hajdú-Bihar,2024,age_15_64,339819
Hajdú-Bihar,2025,age_15_64,339013
Hajdú-Bihar,2026,age_15_64,338411
Jász-Nagykun-Szolnok,2001,age_15_64,281410
Jász-Nagykun-Szolnok,2002,age_15_64,280687
Jász-Nagykun-Szolnok,2003,age_15_64,279333
Jász-Nagykun-Szolnok,2004,age_15_64,277908
Jász-Nagykun-Szolnok,2005,age_15_64,276673
Jász-Nagykun-Szolnok,2006,age_15_64,274467
Jász-Nagykun-Szolnok,2007,age_15_64,272586
Jász-Nagykun-Szolnok,2008,age_15_64,269486
Jász-Nagykun-Szolnok,2009,age_15_64,266246
Jász-Nagykun-Szolnok,2010,age_15_64,262960
Jász-Nagykun-Szolnok,2011,age_15_64,260611
Jász-Nagykun-Szolnok,2012,age_15_64,263827
Jász-Nagykun-Szolnok,2013,age_15_64,261047
Jász-Nagykun-Szolnok,2014,age_15_64,257809
Jász-Nagykun-Szolnok,2015,age_15_64,253866
Jász-Nagykun-Szolnok,2016,age_15_64,249948
Jász-Nagykun-Szolnok,2017,age_15_64,246852
Jász-Nagykun-Szolnok,2018,age_15_64,244027
Jász-Nagykun-Szolnok,2019,age_15_64,241602
Jász-Nagykun-Szolnok,2020,age_15_64,237176
Jász-Nagykun-Szolnok,2021,age_15_64,232745
Jász-Nagykun-Szolnok,2022,age_15_64,229347
Jász-Nagykun-Szolnok,2023,age_15_64,226530
Jász-Nagykun-Szolnok,2024,age_15_64,223986
Jász-Nagykun-Szolnok,2025,age_15_64,221146
Jász-Nagykun-Szolnok,2026,age_15_64,218349
Szabolcs-Szatmár-Bereg,2001,age_15_64,393490
Szabolcs-Szatmár-Bereg,2002,age_15_64,393465
Szabolcs-Szatmár-Bereg,2003,age_15_64,393557
Szabolcs-Szatmár-Bereg,2004,age_15_64,393354
Szabolcs-Szatmár-Bereg,2005,age_15_64,393339
Szabolcs-Szatmár-Bereg,2006,age_15_64,392496
Szabolcs-Szatmár-Bereg,2007,age_15_64,392379
Szabolcs-Szatmár-Bereg,2008,age_15_64,390302
Szabolcs-Szatmár-Bereg,2009,age_15_64,387121
Szabolcs-Szatmár-Bereg,2010,age_15_64,384515
Szabolcs-Szatmár-Bereg,2011,age_15_64,382857
Szabolcs-Szatmár-Bereg,2012,age_15_64,391636
Szabolcs-Szatmár-Bereg,2013,age_15_64,390149
Szabolcs-Szatmár-Bereg,2014,age_15_64,386881
Szabolcs-Szatmár-Bereg,2015,age_15_64,385476
Szabolcs-Szatmár-Bereg,2016,age_15_64,383884
Szabolcs-Szatmár-Bereg,2017,age_15_64,380938
Szabolcs-Szatmár-Bereg,2018,age_15_64,375992
Szabolcs-Szatmár-Bereg,2019,age_15_64,369297
Szabolcs-Szatmár-Bereg,2020,age_15_64,362861
Szabolcs-Szatmár-Bereg,2021,age_15_64,357775
Szabolcs-Szatmár-Bereg,2022,age_15_64,351317
Szabolcs-Szatmár-Bereg,2023,age_15_64,346762
Szabolcs-Szatmár-Bereg,2024,age_15_64,342582
Szabolcs-Szatmár-Bereg,2025,age_15_64,338252
Szabolcs-Szatmár-Bereg,2026,age_15_64,333730
Bács-Kiskun,2001,age_15_64,369340
Bács-Kiskun,2002,age_15_64,368989
Bács-Kiskun,2003,age_15_64,368455
Bács-Kiskun,2004,age_15_64,367823
Bács-Kiskun,2005,age_15_64,368114
Bács-Kiskun,2006,age_15_64,367062
Bács-Kiskun,2007,age_15_64,366814
Bács-Kiskun,2008,age_15_64,365196
Bács-Kiskun,2009,age_15_64,362453
Bács-Kiskun,2010,age_15_64,360411
Bács-Kiskun,2011,age_15_64,358212
Bács-Kiskun,2012,age_15_64,355289
Bács-Kiskun,2013,age_15_64,352983
Bács-Kiskun,2014,age_15_64,349271
Bács-Kiskun,2015,age_15_64,344824
Bács-Kiskun,2016,age_15_64,341483
Bács-Kiskun,2017,age_15_64,337016
Bács-Kiskun,2018,age_15_64,333841
Bács-Kiskun,2019,age_15_64,330322
Bács-Kiskun,2020,age_15_64,326149
Bács-Kiskun,2021,age_15_64,321859
Bács-Kiskun,2022,age_15_64,318966
Bács-Kiskun,2023,age_15_64,316524
Bács-Kiskun,2024,age_15_64,312934
Bács-Kiskun,2025,age_15_64,309933
Bács-Kiskun,2026,age_15_64,307110
Békés,2001,age_15_64,268301
Békés,2002,age_15_64,267188
Békés,2003,age_15_64,265850
Békés,2004,age_15_64,263996
Békés,2005,age_15_64,262248
Békés,2006,age_15_64,260221
Békés,2007,age_15_64,258279
Békés,2008,age_15_64,254594
Békés,2009,age_15_64,250919
Békés,2010,age_15_64,247279
Békés,2011,age_15_64,244642
Békés,2012,age_15_64,245896
Békés,2013,age_15_64,242361
Békés,2014,age_15_64,238075
Békés,2015,age_15_64,233426
Békés,2016,age_15_64,228648
Békés,2017,age_15_64,224134
Békés,2018,age_15_64,219937
Békés,2019,age_15_64,215522
Békés,2020,age_15_64,210606
Békés,2021,age_15_64,206205
Békés,2022,age_15_64,201976
Békés,2023,age_15_64,198320
Békés,2024,age_15_64,195323
Békés,2025,age_15_64,192385
Békés,2026,age_15_64,188983
Csongrád-Csanád,2001,age_15_64,294592
Csongrád-Csanád,2002,age_15_64,293598
Csongrád-Csanád,2003,age_15_64,293201
Csongrád-Csanád,2004,age_15_64,292911
Csongrád-Csanád,2005,age_15_64,292962
Csongrád-Csanád,2006,age_15_64,292494
Csongrád-Csanád,2007,age_15_64,292883
Csongrád-Csanád,2008,age_15_64,293044
Csongrád-Csanád,2009,age_15_64,292636
Csongrád-Csanád,2010,age_15_64,291806
Csongrád-Csanád,2011,age_15_64,290964
Csongrád-Csanád,2012,age_15_64,282340
Csongrád-Csanád,2013,age_15_64,279566
Csongrád-Csanád,2014,age_15_64,276581
Csongrád-Csanád,2015,age_15_64,273983
Csongrád-Csanád,2016,age_15_64,271451
Csongrád-Csanád,2017,age_15_64,267468
Csongrád-Csanád,2018,age_15_64,265268
Csongrád-Csanád,2019,age_15_64,263167
Csongrád-Csanád,2020,age_15_64,260514
Csongrád-Csanád,2021,age_15_64,256567
Csongrád-Csanád,2022,age_15_64,253638
Csongrád-Csanád,2023,age_15_64,252991
Csongrád-Csanád,2024,age_15_64,251156
Csongrád-Csanád,2025,age_15_64,250281
Csongrád-Csanád,2026,age_15_64,250720
Budapest,2001,age_65_plus,313215
Budapest,2002,age_65_plus,310533
Budapest,2003,age_65_plus,307841
Budapest,2004,age_65_plus,306918
Budapest,2005,age_65_plus,306799
Budapest,2006,age_65_plus,308042
Budapest,2007,age_65_plus,309578
Budapest,2008,age_65_plus,312826
Budapest,2009,age_65_plus,316449
Budapest,2010,age_65_plus,320403
Budapest,2011,age_65_plus,322733
Budapest,2012,age_65_plus,325265
Budapest,2013,age_65_plus,329361
Budapest,2014,age_65_plus,333588
Budapest,2015,age_65_plus,337021
Budapest,2016,age_65_plus,339748
Budapest,2017,age_65_plus,342544
Budapest,2018,age_65_plus,345028
Budapest,2019,age_65_plus,351992
Budapest,2020,age_65_plus,359605
Budapest,2021,age_65_plus,359839
Budapest,2022,age_65_plus,357369
Budapest,2023,age_65_plus,353466
Budapest,2024,age_65_plus,352676
Budapest,2025,age_65_plus,350479
Budapest,2026,age_65_plus,349250
Pest,2001,age_65_plus,140704
Pest,2002,age_65_plus,143062
Pest,2003,age_65_plus,145718
Pest,2004,age_65_plus,148324
Pest,2005,age_65_plus,151405
Pest,2006,age_65_plus,154747
Pest,2007,age_65_plus,158759
Pest,2008,age_65_plus,163570
Pest,2009,age_65_plus,168589
Pest,2010,age_65_plus,174300
Pest,2011,age_65_plus,178278
Pest,2012,age_65_plus,178777
Pest,2013,age_65_plus,183606
Pest,2014,age_65_plus,188925
Pest,2015,age_65_plus,194814
Pest,2016,age_65_plus,200490
Pest,2017,age_65_plus,206283
Pest,2018,age_65_plus,210950
Pest,2019,age_65_plus,217811
Pest,2020,age_65_plus,225980
Pest,2021,age_65_plus,230957
Pest,2022,age_65_plus,233473
Pest,2023,age_65_plus,237294
Pest,2024,age_65_plus,238879
Pest,2025,age_65_plus,240534
Pest,2026,age_65_plus,242415
Fejér,2001,age_65_plus,57823
Fejér,2002,age_65_plus,58787
Fejér,2003,age_65_plus,59735
Fejér,2004,age_65_plus,60570
Fejér,2005,age_65_plus,61431
Fejér,2006,age_65_plus,62558
Fejér,2007,age_65_plus,63507
Fejér,2008,age_65_plus,64668
Fejér,2009,age_65_plus,65599
Fejér,2010,age_65_plus,66699
Fejér,2011,age_65_plus,67163
Fejér,2012,age_65_plus,66794
Fejér,2013,age_65_plus,68161
Fejér,2014,age_65_plus,69624
Fejér,2015,age_65_plus,71262
Fejér,2016,age_65_plus,72975
Fejér,2017,age_65_plus,74611
Fejér,2018,age_65_plus,75907
Fejér,2019,age_65_plus,77731
Fejér,2020,age_65_plus,80265
Fejér,2021,age_65_plus,82343
Fejér,2022,age_65_plus,83278
Fejér,2023,age_65_plus,84452
Fejér,2024,age_65_plus,85348
Fejér,2025,age_65_plus,86082
Fejér,2026,age_65_plus,86675
Komárom-Esztergom,2001,age_65_plus,43407
Komárom-Esztergom,2002,age_65_plus,44096
Komárom-Esztergom,2003,age_65_plus,44404
Komárom-Esztergom,2004,age_65_plus,45010
Komárom-Esztergom,2005,age_65_plus,45630
Komárom-Esztergom,2006,age_65_plus,46397
Komárom-Esztergom,2007,age_65_plus,46915
Komárom-Esztergom,2008,age_65_plus,47757
Komárom-Esztergom,2009,age_65_plus,48254
Komárom-Esztergom,2010,age_65_plus,48958
Komárom-Esztergom,2011,age_65_plus,49332
Komárom-Esztergom,2012,age_65_plus,49327
Komárom-Esztergom,2013,age_65_plus,50081
Komárom-Esztergom,2014,age_65_plus,50928
Komárom-Esztergom,2015,age_65_plus,51685
Komárom-Esztergom,2016,age_65_plus,52509
Komárom-Esztergom,2017,age_65_plus,53488
Komárom-Esztergom,2018,age_65_plus,54194
Komárom-Esztergom,2019,age_65_plus,55474
Komárom-Esztergom,2020,age_65_plus,56899
Komárom-Esztergom,2021,age_65_plus,58133
Komárom-Esztergom,2022,age_65_plus,58651
Komárom-Esztergom,2023,age_65_plus,59450
Komárom-Esztergom,2024,age_65_plus,59688
Komárom-Esztergom,2025,age_65_plus,59762
Komárom-Esztergom,2026,age_65_plus,60045
Veszprém,2001,age_65_plus,53775
Veszprém,2002,age_65_plus,54237
Veszprém,2003,age_65_plus,54280
Veszprém,2004,age_65_plus,54915
Veszprém,2005,age_65_plus,55547
Veszprém,2006,age_65_plus,56347
Veszprém,2007,age_65_plus,57203
Veszprém,2008,age_65_plus,58068
Veszprém,2009,age_65_plus,58804
Veszprém,2010,age_65_plus,59811
Veszprém,2011,age_65_plus,60277
Veszprém,2012,age_65_plus,60531
Veszprém,2013,age_65_plus,61163
Veszprém,2014,age_65_plus,62307
Veszprém,2015,age_65_plus,63327
Veszprém,2016,age_65_plus,64380
Veszprém,2017,age_65_plus,65758
Veszprém,2018,age_65_plus,66582
Veszprém,2019,age_65_plus,68110
Veszprém,2020,age_65_plus,70145
Veszprém,2021,age_65_plus,72465
Veszprém,2022,age_65_plus,73498
Veszprém,2023,age_65_plus,74461
Veszprém,2024,age_65_plus,75241
Veszprém,2025,age_65_plus,75843
Veszprém,2026,age_65_plus,76106
Győr-Moson-Sopron,2001,age_65_plus,63176
Győr-Moson-Sopron,2002,age_65_plus,63641
Győr-Moson-Sopron,2003,age_65_plus,64596
Győr-Moson-Sopron,2004,age_65_plus,65248
Győr-Moson-Sopron,2005,age_65_plus,65755
Győr-Moson-Sopron,2006,age_65_plus,66498
Győr-Moson-Sopron,2007,age_65_plus,67278
Győr-Moson-Sopron,2008,age_65_plus,68437
Győr-Moson-Sopron,2009,age_65_plus,69212
Győr-Moson-Sopron,2010,age_65_plus,70384
Győr-Moson-Sopron,2011,age_65_plus,71033
Győr-Moson-Sopron,2012,age_65_plus,71529
Győr-Moson-Sopron,2013,age_65_plus,72987
Győr-Moson-Sopron,2014,age_65_plus,74280
Győr-Moson-Sopron,2015,age_65_plus,75831
Győr-Moson-Sopron,2016,age_65_plus,77333
Győr-Moson-Sopron,2017,age_65_plus,79146
Győr-Moson-Sopron,2018,age_65_plus,80649
Győr-Moson-Sopron,2019,age_65_plus,82542
Győr-Moson-Sopron,2020,age_65_plus,85256
Győr-Moson-Sopron,2021,age_65_plus,87630
Győr-Moson-Sopron,2022,age_65_plus,88779
Győr-Moson-Sopron,2023,age_65_plus,89920
Győr-Moson-Sopron,2024,age_65_plus,91057
Győr-Moson-Sopron,2025,age_65_plus,91861
Győr-Moson-Sopron,2026,age_65_plus,92438
Vas,2001,age_65_plus,41020
Vas,2002,age_65_plus,40983
Vas,2003,age_65_plus,41123
Vas,2004,age_65_plus,41265
Vas,2005,age_65_plus,41549
Vas,2006,age_65_plus,41892
Vas,2007,age_65_plus,42199
Vas,2008,age_65_plus,42782
Vas,2009,age_65_plus,43155
Vas,2010,age_65_plus,43783
Vas,2011,age_65_plus,43815
Vas,2012,age_65_plus,44069
Vas,2013,age_65_plus,44559
Vas,2014,age_65_plus,45185
Vas,2015,age_65_plus,46016
Vas,2016,age_65_plus,46792
Vas,2017,age_65_plus,48002
Vas,2018,age_65_plus,48742
Vas,2019,age_65_plus,49684
Vas,2020,age_65_plus,51159
Vas,2021,age_65_plus,52492
Vas,2022,age_65_plus,53090
Vas,2023,age_65_plus,53280
Vas,2024,age_65_plus,53779
Vas,2025,age_65_plus,54190
Vas,2026,age_65_plus,54499
Zala,2001,age_65_plus,47963
Zala,2002,age_65_plus,48234
Zala,2003,age_65_plus,48358
Zala,2004,age_65_plus,48584
Zala,2005,age_65_plus,48704
Zala,2006,age_65_plus,49337
Zala,2007,age_65_plus,49992
Zala,2008,age_65_plus,50678
Zala,2009,age_65_plus,50991
Zala,2010,age_65_plus,51818
Zala,2011,age_65_plus,52201
Zala,2012,age_65_plus,51547
Zala,2013,age_65_plus,52180
Zala,2014,age_65_plus,53069
Zala,2015,age_65_plus,53861
Zala,2016,age_65_plus,54647
Zala,2017,age_65_plus,55756
Zala,2018,age_65_plus,56501
Zala,2019,age_65_plus,57318
Zala,2020,age_65_plus,59025
Zala,2021,age_65_plus,60595
Zala,2022,age_65_plus,62102
Zala,2023,age_65_plus,62689
Zala,2024,age_65_plus,63579
Zala,2025,age_65_plus,64549
Zala,2026,age_65_plus,65246
Baranya,2001,age_65_plus,60739
Baranya,2002,age_65_plus,61362
Baranya,2003,age_65_plus,61959
Baranya,2004,age_65_plus,62270
Baranya,2005,age_65_plus,62942
Baranya,2006,age_65_plus,63404
Baranya,2007,age_65_plus,64078
Baranya,2008,age_65_plus,64861
Baranya,2009,age_65_plus,65151
Baranya,2010,age_65_plus,65884
Baranya,2011,age_65_plus,65778
Baranya,2012,age_65_plus,66074
Baranya,2013,age_65_plus,66697
Baranya,2014,age_65_plus,67687
Baranya,2015,age_65_plus,68807
Baranya,2016,age_65_plus,70076
Baranya,2017,age_65_plus,71231
Baranya,2018,age_65_plus,71936
Baranya,2019,age_65_plus,73240
Baranya,2020,age_65_plus,75279
Baranya,2021,age_65_plus,77107
Baranya,2022,age_65_plus,77838
Baranya,2023,age_65_plus,79127
Baranya,2024,age_65_plus,79850
Baranya,2025,age_65_plus,80655
Baranya,2026,age_65_plus,81122
Somogy,2001,age_65_plus,52044
Somogy,2002,age_65_plus,52231
Somogy,2003,age_65_plus,52573
Somogy,2004,age_65_plus,52783
Somogy,2005,age_65_plus,52849
Somogy,2006,age_65_plus,52967
Somogy,2007,age_65_plus,53977
Somogy,2008,age_65_plus,54553
Somogy,2009,age_65_plus,54758
Somogy,2010,age_65_plus,55310
Somogy,2011,age_65_plus,55320
Somogy,2012,age_65_plus,56083
Somogy,2013,age_65_plus,56965
Somogy,2014,age_65_plus,57906
Somogy,2015,age_65_plus,59033
Somogy,2016,age_65_plus,60230
Somogy,2017,age_65_plus,61324
Somogy,2018,age_65_plus,61776
Somogy,2019,age_65_plus,62807
Somogy,2020,age_65_plus,64944
Somogy,2021,age_65_plus,67419
Somogy,2022,age_65_plus,68287
Somogy,2023,age_65_plus,68833
Somogy,2024,age_65_plus,69428
Somogy,2025,age_65_plus,70131
Somogy,2026,age_65_plus,70339
Tolna,2001,age_65_plus,38436
Tolna,2002,age_65_plus,38666
Tolna,2003,age_65_plus,38833
Tolna,2004,age_65_plus,38939
Tolna,2005,age_65_plus,39100
Tolna,2006,age_65_plus,39382
Tolna,2007,age_65_plus,39567
Tolna,2008,age_65_plus,39894
Tolna,2009,age_65_plus,39974
Tolna,2010,age_65_plus,40535
Tolna,2011,age_65_plus,40597
Tolna,2012,age_65_plus,40157
Tolna,2013,age_65_plus,40727
Tolna,2014,age_65_plus,41399
Tolna,2015,age_65_plus,42063
Tolna,2016,age_65_plus,42767
Tolna,2017,age_65_plus,43554
Tolna,2018,age_65_plus,43763
Tolna,2019,age_65_plus,44576
Tolna,2020,age_65_plus,45837
Tolna,2021,age_65_plus,46744
Tolna,2022,age_65_plus,47193
Tolna,2023,age_65_plus,47275
Tolna,2024,age_65_plus,47668
Tolna,2025,age_65_plus,47807
Tolna,2026,age_65_plus,48012
Borsod-Abaúj-Zemplén,2001,age_65_plus,108428
Borsod-Abaúj-Zemplén,2002,age_65_plus,109448
Borsod-Abaúj-Zemplén,2003,age_65_plus,110438
Borsod-Abaúj-Zemplén,2004,age_65_plus,111082
Borsod-Abaúj-Zemplén,2005,age_65_plus,111418
Borsod-Abaúj-Zemplén,2006,age_65_plus,111867
Borsod-Abaúj-Zemplén,2007,age_65_plus,112340
Borsod-Abaúj-Zemplén,2008,age_65_plus,112795
Borsod-Abaúj-Zemplén,2009,age_65_plus,112922
Borsod-Abaúj-Zemplén,2010,age_65_plus,113671
Borsod-Abaúj-Zemplén,2011,age_65_plus,112962
Borsod-Abaúj-Zemplén,2012,age_65_plus,111962
Borsod-Abaúj-Zemplén,2013,age_65_plus,112193
Borsod-Abaúj-Zemplén,2014,age_65_plus,112494
Borsod-Abaúj-Zemplén,2015,age_65_plus,113113
Borsod-Abaúj-Zemplén,2016,age_65_plus,114236
Borsod-Abaúj-Zemplén,2017,age_65_plus,115341
Borsod-Abaúj-Zemplén,2018,age_65_plus,115893
Borsod-Abaúj-Zemplén,2019,age_65_plus,117354
Borsod-Abaúj-Zemplén,2020,age_65_plus,119634
Borsod-Abaúj-Zemplén,2021,age_65_plus,121074
Borsod-Abaúj-Zemplén,2022,age_65_plus,121547
Borsod-Abaúj-Zemplén,2023,age_65_plus,121464
Borsod-Abaúj-Zemplén,2024,age_65_plus,122104
Borsod-Abaúj-Zemplén,2025,age_65_plus,122690
Borsod-Abaúj-Zemplén,2026,age_65_plus,122985
Heves,2001,age_65_plus,53953
Heves,2002,age_65_plus,54183
Heves,2003,age_65_plus,54302
Heves,2004,age_65_plus,54434
Heves,2005,age_65_plus,54823
Heves,2006,age_65_plus,54875
Heves,2007,age_65_plus,55005
Heves,2008,age_65_plus,55464
Heves,2009,age_65_plus,55698
Heves,2010,age_65_plus,56103
Heves,2011,age_65_plus,55855
Heves,2012,age_65_plus,56125
Heves,2013,age_65_plus,56288
Heves,2014,age_65_plus,56831
Heves,2015,age_65_plus,57706
Heves,2016,age_65_plus,58362
Heves,2017,age_65_plus,58895
Heves,2018,age_65_plus,59442
Heves,2019,age_65_plus,60129
Heves,2020,age_65_plus,61412
Heves,2021,age_65_plus,62349
Heves,2022,age_65_plus,62494
Heves,2023,age_65_plus,62213
Heves,2024,age_65_plus,62450
Heves,2025,age_65_plus,62513
Heves,2026,age_65_plus,62505
Nógrád,2001,age_65_plus,35086
Nógrád,2002,age_65_plus,35294
Nógrád,2003,age_65_plus,35518
Nógrád,2004,age_65_plus,35732
Nógrád,2005,age_65_plus,35796
Nógrád,2006,age_65_plus,36012
Nógrád,2007,age_65_plus,36273
Nógrád,2008,age_65_plus,36589
Nógrád,2009,age_65_plus,36841
Nógrád,2010,age_65_plus,37075
Nógrád,2011,age_65_plus,36886
Nógrád,2012,age_65_plus,36582
Nógrád,2013,age_65_plus,36737
Nógrád,2014,age_65_plus,36963
Nógrád,2015,age_65_plus,37087
Nógrád,2016,age_65_plus,37470
Nógrád,2017,age_65_plus,38001
Nógrád,2018,age_65_plus,38240
Nógrád,2019,age_65_plus,38751
Nógrád,2020,age_65_plus,39375
Nógrád,2021,age_65_plus,40101
Nógrád,2022,age_65_plus,40005
Nógrád,2023,age_65_plus,39752
Nógrád,2024,age_65_plus,39933
Nógrád,2025,age_65_plus,39991
Nógrád,2026,age_65_plus,40029
Hajdú-Bihar,2001,age_65_plus,75518
Hajdú-Bihar,2002,age_65_plus,75969
Hajdú-Bihar,2003,age_65_plus,76817
Hajdú-Bihar,2004,age_65_plus,77099
Hajdú-Bihar,2005,age_65_plus,77760
Hajdú-Bihar,2006,age_65_plus,78323
Hajdú-Bihar,2007,age_65_plus,78832
Hajdú-Bihar,2008,age_65_plus,79604
Hajdú-Bihar,2009,age_65_plus,80446
Hajdú-Bihar,2010,age_65_plus,81308
Hajdú-Bihar,2011,age_65_plus,81526
Hajdú-Bihar,2012,age_65_plus,83484
Hajdú-Bihar,2013,age_65_plus,84537
Hajdú-Bihar,2014,age_65_plus,86229
Hajdú-Bihar,2015,age_65_plus,87966
Hajdú-Bihar,2016,age_65_plus,89652
Hajdú-Bihar,2017,age_65_plus,91566
Hajdú-Bihar,2018,age_65_plus,92840
Hajdú-Bihar,2019,age_65_plus,94160
Hajdú-Bihar,2020,age_65_plus,96567
Hajdú-Bihar,2021,age_65_plus,98708
Hajdú-Bihar,2022,age_65_plus,99835
Hajdú-Bihar,2023,age_65_plus,100544
Hajdú-Bihar,2024,age_65_plus,101866
Hajdú-Bihar,2025,age_65_plus,102657
Hajdú-Bihar,2026,age_65_plus,103322
Jász-Nagykun-Szolnok,2001,age_65_plus,65137
Jász-Nagykun-Szolnok,2002,age_65_plus,65598
Jász-Nagykun-Szolnok,2003,age_65_plus,65999
Jász-Nagykun-Szolnok,2004,age_65_plus,66157
Jász-Nagykun-Szolnok,2005,age_65_plus,66664
Jász-Nagykun-Szolnok,2006,age_65_plus,67274
Jász-Nagykun-Szolnok,2007,age_65_plus,67467
Jász-Nagykun-Szolnok,2008,age_65_plus,67751
Jász-Nagykun-Szolnok,2009,age_65_plus,68036
Jász-Nagykun-Szolnok,2010,age_65_plus,68622
Jász-Nagykun-Szolnok,2011,age_65_plus,68439
Jász-Nagykun-Szolnok,2012,age_65_plus,68433
Jász-Nagykun-Szolnok,2013,age_65_plus,68769
Jász-Nagykun-Szolnok,2014,age_65_plus,69313
Jász-Nagykun-Szolnok,2015,age_65_plus,69902
Jász-Nagykun-Szolnok,2016,age_65_plus,70661
Jász-Nagykun-Szolnok,2017,age_65_plus,71326
Jász-Nagykun-Szolnok,2018,age_65_plus,72001
Jász-Nagykun-Szolnok,2019,age_65_plus,73114
Jász-Nagykun-Szolnok,2020,age_65_plus,74578
Jász-Nagykun-Szolnok,2021,age_65_plus,75954
Jász-Nagykun-Szolnok,2022,age_65_plus,76639
Jász-Nagykun-Szolnok,2023,age_65_plus,76506
Jász-Nagykun-Szolnok,2024,age_65_plus,76579
Jász-Nagykun-Szolnok,2025,age_65_plus,76299
Jász-Nagykun-Szolnok,2026,age_65_plus,76290
Szabolcs-Szatmár-Bereg,2001,age_65_plus,76052
Szabolcs-Szatmár-Bereg,2002,age_65_plus,76480
Szabolcs-Szatmár-Bereg,2003,age_65_plus,76823
Szabolcs-Szatmár-Bereg,2004,age_65_plus,77011
Szabolcs-Szatmár-Bereg,2005,age_65_plus,77299
Szabolcs-Szatmár-Bereg,2006,age_65_plus,77548
Szabolcs-Szatmár-Bereg,2007,age_65_plus,77327
Szabolcs-Szatmár-Bereg,2008,age_65_plus,76899
Szabolcs-Szatmár-Bereg,2009,age_65_plus,76836
Szabolcs-Szatmár-Bereg,2010,age_65_plus,77104
Szabolcs-Szatmár-Bereg,2011,age_65_plus,76772
Szabolcs-Szatmár-Bereg,2012,age_65_plus,77120
Szabolcs-Szatmár-Bereg,2013,age_65_plus,78050
Szabolcs-Szatmár-Bereg,2014,age_65_plus,79549
Szabolcs-Szatmár-Bereg,2015,age_65_plus,81394
Szabolcs-Szatmár-Bereg,2016,age_65_plus,83224
Szabolcs-Szatmár-Bereg,2017,age_65_plus,85016
Szabolcs-Szatmár-Bereg,2018,age_65_plus,86682
Szabolcs-Szatmár-Bereg,2019,age_65_plus,88387
Szabolcs-Szatmár-Bereg,2020,age_65_plus,91204
Szabolcs-Szatmár-Bereg,2021,age_65_plus,93143
Szabolcs-Szatmár-Bereg,2022,age_65_plus,94422
Szabolcs-Szatmár-Bereg,2023,age_65_plus,94701
Szabolcs-Szatmár-Bereg,2024,age_65_plus,95943
Szabolcs-Szatmár-Bereg,2025,age_65_plus,97037
Szabolcs-Szatmár-Bereg,2026,age_65_plus,98155
Bács-Kiskun,2001,age_65_plus,84738
Bács-Kiskun,2002,age_65_plus,85122
Bács-Kiskun,2003,age_65_plus,85608
Bács-Kiskun,2004,age_65_plus,85852
Bács-Kiskun,2005,age_65_plus,86418
Bács-Kiskun,2006,age_65_plus,87052
Bács-Kiskun,2007,age_65_plus,87528
Bács-Kiskun,2008,age_65_plus,88347
Bács-Kiskun,2009,age_65_plus,89046
Bács-Kiskun,2010,age_65_plus,90491
Bács-Kiskun,2011,age_65_plus,90766
Bács-Kiskun,2012,age_65_plus,91351
Bács-Kiskun,2013,age_65_plus,92314
Bács-Kiskun,2014,age_65_plus,93335
Bács-Kiskun,2015,age_65_plus,94717
Bács-Kiskun,2016,age_65_plus,96061
Bács-Kiskun,2017,age_65_plus,97431
Bács-Kiskun,2018,age_65_plus,98229
Bács-Kiskun,2019,age_65_plus,99686
Bács-Kiskun,2020,age_65_plus,102162
Bács-Kiskun,2021,age_65_plus,104080
Bács-Kiskun,2022,age_65_plus,104955
Bács-Kiskun,2023,age_65_plus,105773
Bács-Kiskun,2024,age_65_plus,106760
Bács-Kiskun,2025,age_65_plus,107373
Bács-Kiskun,2026,age_65_plus,107842
Békés,2001,age_65_plus,66907
Békés,2002,age_65_plus,66952
Békés,2003,age_65_plus,67111
Békés,2004,age_65_plus,67323
Békés,2005,age_65_plus,67782
Békés,2006,age_65_plus,67762
Békés,2007,age_65_plus,68025
Békés,2008,age_65_plus,68124
Békés,2009,age_65_plus,68247
Békés,2010,age_65_plus,68636
Békés,2011,age_65_plus,68221
Békés,2012,age_65_plus,67420
Békés,2013,age_65_plus,67870
Békés,2014,age_65_plus,68510
Békés,2015,age_65_plus,69239
Békés,2016,age_65_plus,69968
Békés,2017,age_65_plus,70494
Békés,2018,age_65_plus,70764
Békés,2019,age_65_plus,71582
Békés,2020,age_65_plus,72957
Békés,2021,age_65_plus,74014
Békés,2022,age_65_plus,74826
Békés,2023,age_65_plus,74420
Békés,2024,age_65_plus,74367
Békés,2025,age_65_plus,74188
Békés,2026,age_65_plus,74129
Csongrád-Csanád,2001,age_65_plus,66859
Csongrád-Csanád,2002,age_65_plus,67037
Csongrád-Csanád,2003,age_65_plus,67209
Csongrád-Csanád,2004,age_65_plus,67574
Csongrád-Csanád,2005,age_65_plus,67928
Csongrád-Csanád,2006,age_65_plus,68428
Csongrád-Csanád,2007,age_65_plus,69268
Csongrád-Csanád,2008,age_65_plus,70228
Csongrád-Csanád,2009,age_65_plus,71270
Csongrád-Csanád,2010,age_65_plus,72588
Csongrád-Csanád,2011,age_65_plus,73181
Csongrád-Csanád,2012,age_65_plus,73284
Csongrád-Csanád,2013,age_65_plus,74181
Csongrád-Csanád,2014,age_65_plus,75204
Csongrád-Csanád,2015,age_65_plus,76555
Csongrád-Csanád,2016,age_65_plus,77556
Csongrád-Csanád,2017,age_65_plus,78743
Csongrád-Csanád,2018,age_65_plus,79643
Csongrád-Csanád,2019,age_65_plus,81016
Csongrád-Csanád,2020,age_65_plus,83139
Csongrád-Csanád,2021,age_65_plus,84837
Csongrád-Csanád,2022,age_65_plus,85556
Csongrád-Csanád,2023,age_65_plus,85912
Csongrád-Csanád,2024,age_65_plus,86249
Csongrád-Csanád,2025,age_65_plus,86359
Csongrád-Csanád,2026,age_65_plus,86721
