district_id,s0_statusquo,s1_percapita,s2_epi,s3_socio,s4_capacity,s5_fullneed,s6_costgap,s7_statutory,district_name,county_id,county_name,nuts3_code,need_score,need_rank,score_socioeconomic,pop,lambda
001,0.0,6083884.827080931,2776436.5462462963,1238084.4966306721,4562147.488489712,2426980.2138849376,600475.1186869509,0.0,Budapest 01. ker.,01,főváros,,0.11350382308417899,170,-1.0182035340312572,15163.0,3.754852785143491
002,496394.3612073625,20107353.70469787,9176174.970559053,2425137.8334742174,218177.52418760152,7798138.137161908,1488187.192434915,0.0,Budapest 02. ker.,01,főváros,,0.05472541328992005,189,-1.0887762893692596,50114.0,12.409859030184062
003,0.0,31847409.76486987,14533857.048193203,10777860.573190022,18330098.506615598,12719340.605352346,3143316.762557412,0.0,Budapest 03. ker.,01,főváros,,0.11596396520647856,168,-0.9033365167923534,79374.0,19.655588271976487
004,0.0,25236305.74219543,11516819.194701135,11526632.544544436,22754497.324767765,10237672.703244668,2490805.4830873273,0.0,Budapest 04. ker.,01,főváros,,0.14928123385063663,154,-0.8025967484742531,62897.0,15.575346278913814
005,0.0,6598665.822473982,3011361.5669436515,877906.7258870439,4567733.188364651,2618556.545295662,651283.6379295385,0.0,Budapest 05. ker.,01,főváros,,0.10243998529918952,174,-1.078190675527985,16446.0,4.072565383134594
006,0.0,10383088.541528743,4738417.525803709,3772819.8022811995,18097197.025314163,4290906.623927343,1024803.4769755928,0.0,Budapest 06. ker.,01,főváros,,0.1894765204206601,141,-0.8821031600013769,25878.0,6.408235861896937
007,0.0,14892939.19485524,6796529.164648817,3484421.784760984,18146131.76155291,6031581.011493286,1469922.5387734775,0.0,Budapest 07. ker.,01,főváros,,0.1456976960046495,157,-0.9922686504773606,37118.0,9.19162604227106
008,0.0,21182656.173640486,9666899.09797052,11530553.386071501,31702779.62813542,8774314.354398485,2090713.14488946,0.0,Budapest 08. ker.,01,főváros,,0.19457566223943998,138,-0.7280237729054432,52794.0,13.073514340095329
009,0.0,17163512.57983519,7832726.118761316,9472390.116029399,18170768.92101689,7026246.521423176,1694026.5219331067,0.0,Budapest 09. ker.,01,főváros,,0.1688773659415699,149,-0.7215944004185747,42777.0,10.592978803012803
010,0.0,20501765.020731673,9356168.185949152,9004116.144295953,40687658.49670083,8554370.550869437,2023509.6708795833,0.0,Budapest 10. ker.,01,főváros,,0.21062253593176508,131,-0.8175474267864473,51097.0,12.653281854677633
011,0.0,37861078.9456579,17278250.0413436,6986877.265969782,22891484.11086672,15022016.812450748,3736861.6467412817,0.0,Budapest 11. ker.,01,főváros,,0.10209840906828309,176,-1.0343476724336438,94362.0,23.367105355913086
012,0.0,13091005.094847295,5974200.039199229,1661842.8559636446,4638179.181877035,5137993.0484492285,1292072.9207544117,0.0,Budapest 12. ker.,01,főváros,,0.0794012772266034,182,-1.0833820694519367,32627.0,8.079508133013038
013,600677.3925916285,32442035.980904553,14805220.166411037,15660401.571573677,27328817.546578083,13153665.470837306,2601328.555871874,0.0,Budapest 13. ker.,01,főváros,,0.14810980192897027,155,-0.780485352827075,80856.0,20.022579753054284
014,0.0,31044945.235808212,14167645.012811512,11536931.228336506,63282726.10251282,12927473.625234358,3064114.0825222014,0.0,Budapest 14. ker.,01,főváros,,0.20617799369276174,132,-0.8750722754294216,77374.0,19.16032311532629
015,0.0,20029915.87764342,9140835.50914472,8153641.698473795,13705737.728014521,8053205.522884679,1976938.4950188799,0.0,Budapest 15. ker.,01,főváros,,0.13013654515957135,163,-0.844888597102614,49921.0,12.362065942567318
016,0.0,18111223.188657004,8265222.532547093,3205503.093311343,9188785.212558122,7161254.415096186,1787564.8870546906,0.0,Budapest 16. ker.,01,főváros,,0.09487978725081697,179,-1.040775512637179,45139.0,11.177886953016689
017,0.0,21723517.26622804,9913726.009817779,5777668.586348322,22716381.344717037,8768899.666122822,2144095.751233192,0.0,Budapest 17. ker.,01,főváros,,0.13861566371523715,160,-0.9650254626276634,54142.0,13.407323055677566
018,0.0,25778370.531576578,11764195.424601465,7988700.791150829,31752646.03995736,10482970.7242842,2544306.8934511123,0.0,Budapest 18. ker.,01,főváros,,0.1545009853372489,152,-0.9276198433085715,64248.0,15.909897892231024
019,0.0,14656613.391046582,6688679.72022891,4644723.2085501915,58608768.83679147,6319115.710407772,1446597.349503108,0.0,Budapest 19. ker.,01,főváros,,0.28423331607849556,101,-0.9216572257849317,36529.0,9.045770453637578
020,0.0,16324134.6824367,7449668.329752065,6204269.761662315,36146195.07688285,6828176.000466038,1611180.518616276,0.0,Budapest 20. ker.,01,főváros,,0.21611515381428587,130,-0.8678807048628429,40685.0,10.074931449156693
021,0.0,18516467.775833137,8450159.610414846,7524689.862176696,45162250.24849148,7794119.197351769,1827562.2404724718,0.0,Budapest 21. ker.,01,főváros,,0.23011205603177817,119,-0.8454802443812665,46149.0,11.427995857125039
022,0.0,14364115.070203608,6555195.433332284,3172632.3044648184,9148126.715962602,5715131.089356417,1417727.9726302738,0.0,Budapest 22. ker.,01,főváros,,0.10797330484793315,172,-1.0034153298226607,35800.0,8.86524630403858
023,0.0,6013669.180788036,2744392.993150399,1697509.1998687559,4561385.60425112,2408863.3033159743,593544.8841838699,0.0,Budapest 23. ker.,01,főváros,,0.1222200251528912,164,-0.9511384058756246,14988.0,3.711517083936599
024,0.0,2843131.8264654404,3090032.8172009145,3106461.9891170445,30849.781226670082,2893807.066212466,668298.2995465486,8639596.418920204,Bólyi,02,Baranya,,0.26428471768673134,105,-0.2612321842356478,7086.0,4.178960381982517
025,0.0,2849551.542697934,3097010.0293199117,8573013.13591742,30919.439214198548,3116424.175467289,669807.2993761767,8659104.398415366,Hegyháti,02,Baranya,,0.4329798232872194,62,1.3699391739412137,7102.0,4.188396363652249
026,0.0,8081219.039915388,8783001.830545248,13475830.378276065,18072220.28316099,9009596.188480215,1899547.8480337337,0.0,Komlói,02,Baranya,,0.48020116643675587,57,0.2282477136042738,20141.0,11.878131675629394
027,0.0,8145416.202240321,8852773.95173522,11245695.463830508,88382.92530096378,8392389.338061728,1914637.8463300148,24751968.23320619,Mohácsi,02,Baranya,,0.29208544187594937,98,-0.016039342343243865,20301.0,11.972491492326713
028,0.0,45719212.84649415,49689524.33271135,20823272.214969315,18480616.35679196,45822482.1331712,10746625.224164631,0.0,Pécsi,02,Baranya,,0.22965837206041093,120,-0.8036933391634895,113947.0,67.20011270755883
029,0.0,2703502.998408713,2938278.4536127243,2802081.8472961006,29334.71999792591,2744971.9373270143,635477.5532521374,8215297.864900414,Pécsváradi,02,Baranya,,0.2587570071368454,108,-0.30904225248875633,6738.0,3.9737277806658486
030,0.0,3318190.82766994,3606346.514006713,11663387.833495954,4532137.956737604,3857087.9322816883,779964.2869390287,10083186.901562247,Sellyei,02,Baranya,,0.5859292637639618,36,1.8011054183161297,8270.0,4.877223025542678
031,0.0,8548654.628093801,9291030.087959737,23872282.494989607,92758.31764259565,9283227.784294013,2009421.8981285305,25977313.1952461,Siklósi,02,Baranya,,0.415792868416789,69,1.1860177735872162,21306.0,12.565189090956748
032,0.0,3630349.5294749234,3945613.453292955,7312269.953413831,4535525.076381176,3994395.020786411,853339.4036546956,11031762.404514536,Szentlőrinci,02,Baranya,,0.4477160205667204,60,0.5233818081250954,9048.0,5.336047634233393
033,0.0,6007249.464555543,6528926.240351693,22350610.062882975,65182.46182976353,6714585.8069703095,1412046.5905745027,18254591.812598545,Szigetvári,02,Baranya,,0.48657761856647264,55,1.9761668037841869,14972.0,8.82971984745163
034,0.0,4299203.714447812,3178952.8669397896,4504773.721267827,4542782.567956798,2964116.4152046056,687529.5250873552,13064250.018166807,Bácsalmási,03,Bács-Kiskun,,0.2544246378377704,109,-0.2993770683467069,10715.0,4.299215857249371
035,0.0,15154542.631329339,11205697.600029476,9193268.645894656,13652836.840110872,10196072.369815165,2423517.5140036773,46051024.09576858,Bajai,03,Bács-Kiskun,,0.19997915294819016,134,-0.6749873011123025,37770.0,15.154585434279864
036,0.0,3915224.4372918108,2895027.7252075095,5066356.981146231,4538616.149577753,2736068.6758443112,626123.4816427822,11897428.994612383,Jánoshalmai,03,Bács-Kiskun,,0.2850663831499843,100,-0.08977000900197282,9758.0,3.915235495570636
037,0.0,11599624.76758621,8577090.749718089,17688000.3460789,27102664.182818465,8442336.794685217,1855014.3322702227,35248480.450322196,Kalocsai,03,Bács-Kiskun,,0.3798370582630865,76,0.10678028164235587,28910.0,11.599657529918742
038,0.0,40972635.15709447,30296325.703526877,28349888.26700245,31917513.43556458,27572590.072729595,6552352.077773724,0.0,Kecskeméti,03,Bács-Kiskun,,0.200453307434521,133,-0.6023753405985788,102117.0,40.97275088144975
039,0.0,13026807.932522364,9632390.362196375,8945286.572421288,13629749.570869403,8835067.465769768,2083249.751844252,39585348.14184057,Kiskőrösi,03,Bács-Kiskun,,0.2176875078088755,128,-0.6068361802821736,32467.0,13.026844725834376
040,0.0,9152910.418477228,6767920.933329956,7497767.921483863,4595448.360152541,6140873.051258298,1463735.2801019829,27813501.765228294,Kiskunfélegyházi,03,Bács-Kiskun,,0.19381194807988664,139,-0.49404216894641906,22812.0,9.152936270235433
041,0.0,10462131.297641316,7735995.894116193,10064941.200680532,13601921.204851784,7236842.439897658,1673106.14714445,31791910.33352305,Kiskunhalasi,03,Bács-Kiskun,,0.2618168812282454,107,-0.37240824189404015,26075.0,10.462160847202739
042,0.0,4851700.5427067615,3587484.653946425,4401561.562763596,4548777.508508467,3312702.2278381325,775884.9292913019,14743155.503469251,Kiskunmajsai,03,Bács-Kiskun,,0.2326307511636101,115,-0.4190763677934219,12092.0,4.851714245997145
043,0.0,7406747.603239068,5476758.742296642,10389944.423765622,18064901.84084628,5376138.321919411,1184488.5705191393,22507331.342544027,Kunszentmiklósi,03,Bács-Kiskun,,0.3734024062703567,78,0.0028194511786347447,18460.0,7.406768523081978
044,0.0,6158112.796019134,4553482.837311422,3554806.85281292,4562952.908970511,4117405.3603668674,984806.6403211132,18713029.33073487,Tiszakécskei,03,Bács-Kiskun,,0.186273426007113,143,-0.6999994996309598,15348.0,6.158130189179968
045,0.0,8415445.516269566,10244266.866821794,18147463.98287494,91312.91440137995,10099058.229937382,2215583.630402884,25572522.620721474,Békési,04,Békés,,0.38355154020343435,74,0.644482685642163,20974.0,13.854346510689794
046,0.0,18828626.47763812,22920411.52185307,26340631.998540312,4700436.008230602,22120466.048706267,4957122.772190147,0.0,Békéscsabai,04,Békés,,0.3334388071356007,89,-0.0004159281280970891,46927.0,30.997564542154095
047,0.0,5270988.259141476,6416464.85312472,9716945.935176468,31530127.95242188,7159124.436516375,1387723.9512063835,16017270.414247068,Gyomaendrődi,04,Békés,,0.6976689041385012,19,0.3780280877438075,13137.0,8.677627067365872
048,0.0,9338279.724690469,11367648.853743229,8967393.581850216,4597459.734542425,10854750.454837415,2458543.597501513,0.0,Gyulai,04,Békés,,0.3087332005313875,94,-0.37390002190712995,23274.0,15.373608309802341
049,0.0,8384951.864165224,10207146.418558303,19880234.09695582,13579382.492262103,10679714.704374043,2207555.388011799,25479859.71811945,Mezőkovácsházai,04,Békés,,0.529763143381105,47,0.8270978962811212,20898.0,13.80414481645825
050,0.0,11312342.466182137,13770709.451853422,12948381.67151046,18107280.019008912,13710225.729856428,2978266.6575559704,34375498.36791366,Orosházi,04,Békés,,0.4072037119541874,70,-0.216956902230428,28194.0,18.623507462686568
051,0.0,5138982.844110833,6255772.386299873,13350010.744789766,13544161.672318023,6776707.54129632,1352970.1124344494,15616137.585877784,Sarkadi,04,Békés,,0.6191619876870401,29,1.0202324663672317,12808.0,8.460306575231948
052,0.0,6184192.893213638,7528124.593226105,5293934.763974845,22547769.832280155,7753680.0948139075,1628148.6838657223,18792280.497433968,Szarvasi,04,Békés,,0.49026540235698285,54,-0.46264747977305265,15413.0,10.181035699878985
053,0.0,6698572.656342158,8154287.944197095,10983318.858298363,27049484.6629647,8761313.440909376,1763572.4568311316,20355357.354483888,Szeghalmi,04,Békés,,0.5978120620014734,32,0.20449559508161905,16695.0,11.027859015732151
054,0.0,3790039.9707581927,8595221.476513237,20842760.612178236,41124.33438711905,9849176.314206814,1858935.5637274722,11517023.39445671,Cigándi,05,Borsod-Abaúj-Zemplén,,0.7705589461856596,10,3.4905436494151445,9446.0,11.624177524836503
055,0.0,7941991.444123191,18011201.980320033,30212513.85606384,18070709.575556464,21169453.282878395,3895381.1717575258,24133809.13295322,Edelényi,05,Borsod-Abaúj-Zemplén,,0.8417868487714039,4,2.0472923622105554,19794.0,24.358349558184813
056,0.0,5383333.293210107,12208563.047890972,32035260.88080929,58412.576166840605,14137133.799962806,2640412.709986396,16358660.055412417,Encsi,05,Borsod-Abaúj-Zemplén,,0.7997636612839146,8,3.874914560296292,13417.0,16.51086066596775
057,0.0,4298401.2499187505,9748105.830815827,21468585.55404659,46640.376274529575,11031040.931309031,2108276.169194623,13061811.52072991,Gönci,05,Borsod-Abaúj-Zemplén,,0.7360297478421299,14,3.0607702750963117,10713.0,13.183338325595326
058,0.0,15380436.396260194,34880438.79517065,33298181.491778493,4663020.961679376,36472613.85878367,7543783.290743722,46737461.124254614,Kazincbarcikai,05,Borsod-Abaúj-Zemplén,,0.528188802184196,48,0.6517386635163535,38333.0,47.172305426588785
059,0.0,3554115.399214066,8060181.223687727,14757669.593210194,38564.40334544786,8913503.2481684,1743219.48163222,10800105.148009479,Mezőcsáti,05,Borsod-Abaúj-Zemplén,,0.6737954196009643,23,2.3436794792776734,8858.0,10.900589086915282
060,0.0,9879943.281807085,22406175.48567245,22464638.412901577,9099470.611673966,24017721.291916147,4845906.13182567,30022780.443055477,Mezőkövesdi,05,Borsod-Abaúj-Zemplén,,0.5917232348751496,34,0.7443613294791164,24624.0,30.302111726823423
061,0.0,58166240.15676947,131911990.4963633,86234398.07506919,86057676.75386862,139332765.32317683,28529327.730045307,0.0,Miskolci,05,Borsod-Abaúj-Zemplén,,0.5538391320020073,42,0.07074479709963907,144969.0,178.39777594728173
062,0.0,12390453.56097647,28099622.529769775,56952588.22730405,31607378.660590954,34060623.87939932,6077259.066638584,37651619.67438256,Ózdi,05,Borsod-Abaúj-Zemplén,,0.9307357838291981,2,2.7218707691933197,30881.0,38.00192950926064
063,0.0,4503430.937094003,10213081.288628476,15581380.534733605,48865.07825122001,11058916.889210943,2208838.9548250213,13684847.61585667,Putnoki,05,Borsod-Abaúj-Zemplén,,0.6180646097366592,30,1.7542007060216231,11224.0,13.81217113474115
064,0.0,5422654.055134128,12297736.42336189,14514479.701450255,9051106.200208109,13686296.445395727,2659698.723668938,16478146.429820288,Sárospataki,05,Borsod-Abaúj-Zemplén,,0.6908241475154423,21,1.0873591739879176,13515.0,16.63145873895462
065,0.0,5164661.709040807,11712649.88838433,16981648.244760055,56039.850966652164,12612430.186354935,2533158.8583845035,15694169.503858436,Sátoraljaújhelyi,05,Borsod-Abaúj-Zemplén,,0.6035634617600285,31,1.607896788426931,12872.0,15.84018770905097
066,0.0,9507599.740322478,21561758.21590702,32771305.83883039,22583830.901698794,25120691.136845674,4663279.390015476,28891317.632336035,Szerencsi,05,Borsod-Abaúj-Zemplén,,0.8169034810665413,6,1.7431010649502483,23696.0,29.160121811192653
067,0.0,4320870.256732477,9799062.04537064,17234738.51677763,46884.17923087921,10784671.589693429,2119296.74844179,13130089.448962979,Szikszói,05,Borsod-Abaúj-Zemplén,,0.6610128488303547,25,2.204431205339315,10769.0,13.252251510159253
068,0.0,8039089.652139652,18231405.62178904,13736937.98288207,87229.21488252353,18526441.871436633,3943005.8177899257,0.0,Tiszaújvárosi,05,Borsod-Abaúj-Zemplén,,0.4569505683946729,59,0.26334019501785216,20036.0,24.656152962907495
069,0.0,2998408.7128388705,6799924.845858927,9440069.416082878,4528668.118233843,7657860.346255176,1470656.9413228245,9111445.672959452,Tokaji,05,Borsod-Abaúj-Zemplén,,0.7228761229493005,15,1.4889711105450574,7473.0,9.196218361539612
070,0.0,5137779.147317241,4890308.791826377,3644473.585011687,55748.15814387671,4447798.766847371,1057653.8319083508,15612479.83972244,Csongrádi,06,Csongrád-Csanád,,0.19904137952846943,135,-0.587539691278204,12805.0,6.613653610065992
071,0.0,12998320.441740673,12372233.004295766,6099921.885561564,9133306.97911592,11389013.706209693,2675810.506716355,39498781.48283078,Hódmezővásárhelyi,06,Csongrád-Csanád,,0.22567926392209992,123,-0.7919227545229045,32396.0,16.732207915009592
072,0.0,4407135.193606605,4194857.615729865,3053473.0063515413,47820.208438293,3812395.472142238,907244.8020055701,13392227.92342923,Kisteleki,06,Csongrád-Csanád,,0.19738054536748284,137,-0.6015877439394804,10984.0,5.673125439513069
073,0.0,10525124.763172656,10018163.235235417,7862343.776831476,4610337.754986752,9262641.901766486,2166682.961235444,31983332.38231933,Makói,06,Csongrád-Csanád,,0.23548276015396397,114,-0.5554776866503747,26232.0,13.548563959332377
074,0.0,6684529.5270835785,6362557.1629697345,3525937.6901386594,4568664.863947845,5869586.630189793,1376065.04018689,20312683.649338216,Mórahalmi,06,Csongrád-Csanád,,0.23049048047525528,117,-0.7423796717938634,16660.0,8.604722307200268
075,0.0,52039824.709648274,49533233.13548466,10281448.111921774,5060798.545836466,44099836.57334607,10712823.272043195,0.0,Szegedi,06,Csongrád-Csanád,,0.15260754546634525,153,-1.023255113397125,129700.0,66.98874449242945
076,0.0,9197045.967575617,8754053.73887108,5853982.069929777,9092060.743250627,8194053.457434176,1893287.085904195,27947619.124257535,Szentesi,06,Csongrád-Csanád,,0.2631541657192228,106,-0.6495548416630617,22922.0,11.83898227644925
077,0.0,9530469.979400735,8166898.59922197,4594819.612170447,103411.63611023065,7246279.214340199,1766299.8321723833,0.0,Bicskei,07,Fejér,,0.14527244907934922,158,-0.7809966484069245,23753.0,11.044913665587792
078,0.0,22987398.899500143,19698478.278391153,22875658.770464074,36218495.71431319,18781924.819665235,4260297.64597399,0.0,Dunaújvárosi,07,Fejér,,0.3053240145012894,96,-0.3442246862142442,57292.0,26.640222023696197
079,0.0,5190340.573970779,4447732.9297156315,6315097.043648089,9048585.45178442,4301137.80468382,961935.5293639519,15772201.421839086,Enyingi,07,Fejér,,0.33813299225020793,87,-0.15559192029051386,12936.0,6.01511401414742
080,0.0,9431766.842326153,8082317.407144817,2787069.876937112,4598474.128985809,7223402.6338752145,1748006.995111195,0.0,Gárdonyi,07,Fejér,,0.1608791329006497,150,-0.9398806452508611,23507.0,10.93052606142265
081,0.0,7553197.379792821,6472524.149806491,3524383.149795869,9074223.944819117,5960887.46414667,1399848.201938497,0.0,Martonvásári,07,Fejér,,0.22670045433605396,122,-0.794202121647279,18825.0,8.753441660198298
082,0.0,8799023.561161038,7540103.8302925015,4648858.333419103,9087741.948023863,6930507.621901955,1630739.4989913006,0.0,Móri,07,Fejér,,0.22234905910186417,126,-0.7416469246097669,21930.0,10.19723642008758
084,0.0,6840608.877986071,5861889.202127536,8535224.736466574,18058758.877071112,5801160.806270414,1267782.8416918688,20786971.400814362,Sárbogárdi,07,Fejér,,0.39277494848280925,73,-0.12917639359732377,17049.0,7.9276189569572795
085,0.0,39253354.90357987,33637183.67191865,14663749.946323326,54379525.57794874,30998916.978871576,7274897.704756814,0.0,Székesfehérvári,07,Fejér,,0.22818603894694828,121,-0.8734150639467869,97832.0,45.490927197902785
086,0.0,8299088.159555627,4411334.170867861,385785.7676163394,90050.36337742647,3733743.278820162,954063.3706903735,0.0,Csornai,08,Győr-Moson-Sopron,,0.04644016115849436,191,-1.1518836756665587,20684.0,5.965888332681695
087,0.0,53444940.100035235,28408360.77296175,7039776.704889439,54533513.26662887,24934306.899579532,6144031.575261029,0.0,Győri,08,Győr-Moson-Sopron,,0.12214805742226675,165,-1.079316951981734,133202.0,38.41946710935347
088,0.0,6173359.622071306,3281414.9851563,1165278.8280032885,27043785.768860027,3094760.0111654084,709689.5678515802,0.0,Kapuvári,08,Győr-Moson-Sopron,,0.2802915287965327,103,-1.0307553597617236,15386.0,4.43778562592538
089,0.0,21843485.71332276,11610783.387943203,2569149.301154149,13725416.109491315,10065055.210563306,2511127.6331345304,0.0,Mosonmagyaróvári,08,Győr-Moson-Sopron,,0.09594167454645686,178,-1.0913246457473316,54441.0,15.702423453854388
090,0.0,4197290.719256982,2231046.546192646,601113.7823928416,45543.26297095621,1897447.1814978023,482520.64014658664,0.0,Pannonhalmi,08,Győr-Moson-Sopron,,0.056295943707134304,188,-1.0695308011504039,10461.0,3.0172673490709347
091,0.0,27237251.045410667,14477809.362560138,319921.16344423854,13783941.87988789,12435981.468528777,3131195.023010313,0.0,Soproni,08,Győr-Moson-Sopron,,0.07683391316818682,183,-1.1814600610870654,67884.0,19.57978938192633
092,0.0,4002693.070959531,2127609.2481424185,505564.39352851885,9035698.724091655,1926602.9910448377,460149.68990558723,12163225.215233976,Téti,08,Győr-Moson-Sopron,,0.1893989990034427,142,-1.0839263848617848,9976.0,2.8773787471878065
093,0.0,7381871.202838156,20472901.771879807,16637809.522587964,18064631.916144606,23850655.536290508,4427786.450929848,22431737.92200027,Balmazújvárosi,09,Hajdú-Bihar,,0.8167316377836498,7,0.7274295330352039,18398.0,27.68755235629025
094,0.0,10086176.66577593,27973029.93485784,25114261.906304598,109441.40565566362,30482551.120827433,6049880.193688147,30649474.284337576,Berettyóújfalui,09,Hajdú-Bihar,,0.6347314476706949,28,0.9284339669207485,25138.0,37.83072568390175
095,0.0,57718866.1818176,160077661.23991725,48372530.828064926,5122419.743053845,163012542.12071618,34620871.40515612,0.0,Debreceni,09,Hajdú-Bihar,,0.46215190678662976,58,-0.47794799471312716,143854.0,216.48902906086408
096,0.0,10580093.58341338,29342860.46432757,16854011.581917357,114800.7170711351,30835044.627396174,6346140.935132577,32150369.456746664,Derecskei,09,Hajdú-Bihar,,0.5407778069889054,44,0.16477223509405012,26369.0,39.683284491956606
097,0.0,9918461.579202045,27507888.455314104,12220208.572002942,107621.59073148241,28449264.642744027,5949281.501629842,30139828.320026454,Hajdúböszörményi,09,Hajdú-Bihar,,0.5005661336495835,52,-0.1425104982930051,24720.0,37.20166834696679
098,0.0,6149285.6861994555,17054445.730831064,16392691.554779317,4562857.129237658,19192378.123818442,3688458.2643195377,18686205.858929023,Hajdúhadházi,09,Hajdú-Bihar,,0.7209197712890937,16,1.0781220533524962,15326.0,23.064432406375932
099,0.0,7247057.161955799,20099008.142390102,10392064.333356095,78635.16067119884,20975288.286084596,4346922.430519345,22022070.352601852,Hajdúnánási,09,Hajdú-Bihar,,0.5232359681652449,49,0.029384697402341377,18062.0,27.18189861176837
100,0.0,10725740.89543807,29746799.11761555,18106814.31090526,116381.0826631872,31387084.700789887,6433502.957183209,32592956.741543166,Hajdúszoboszlói,09,Hajdú-Bihar,,0.5511458796228083,43,0.24579898133448685,26732.0,40.229571126663274
101,0.0,7458506.565363544,20685442.49578616,20936067.32473602,80929.52063541775,22808578.868065737,4473753.79586558,22664614.427223776,Nyíradonyi,09,Hajdú-Bihar,,0.6659866195273894,24,1.198350813825371,18589.0,27.9749924313012
102,0.0,9239977.819880417,25626179.742614415,14330790.34768235,4596393.096608396,27353384.702908047,5542314.065575794,28078078.73713144,Püspökladányi,09,Hajdú-Bihar,,0.5807846083965433,37,0.12898250844671755,23029.0,34.65684548391174
103,0.0,2000544.0709507037,1506562.360837874,3503376.059506079,21707.17036355871,1399624.648970786,325832.48252386454,6079174.110180093,Bélapátfalvai,10,Heves,,0.2462031071137756,111,0.2994757215302223,4986.0,2.0374749367971408
104,0.0,21006515.20951145,15819509.105829703,26756221.32760911,22708601.418234948,14932592.52596138,3421371.7654506476,0.0,Egri,10,Heves,,0.2822686570371555,102,-0.10705616282174263,52355.0,21.39430411472409
105,0.0,7318476.505042286,5511371.33206635,10250290.347514533,13567810.559083937,5343186.721075637,1191974.4246360387,22239096.62448554,Füzesabonyi,10,Heves,,0.3440411562935149,85,0.000977884356552368,18240.0,7.453578589486532
106,0.0,17052772.474824682,12842039.089043416,22912553.808458257,9177300.351864371,11953671.052292923,2777418.0384570328,0.0,Gyöngyösi,10,Heves,,0.25056658999547354,110,-0.04753176303105768,42501.0,17.367573664022316
107,0.0,13377484.931722306,10074267.082369749,21085798.375528373,40610355.545041114,10112778.532799184,2178816.847137619,0.0,Hatvani,10,Heves,,0.4270660224097903,66,0.15048854078403615,33341.0,13.624438802196845
108,0.0,8328378.114866378,6271904.316869585,26219175.25180358,4586501.662379353,6230213.780806711,1356459.053298808,25307945.64881833,Hevesi,10,Heves,,0.40175154812378544,71,1.4888120990787441,20757.0,8.482123398134426
109,0.0,4556393.596012073,3431312.1078369226,13261430.237824304,4545573.241082158,3432488.491283125,742108.6384959898,13845788.446691765,Pétervásárai,10,Heves,,0.41865219862968156,68,1.286472231300182,11356.0,4.640506494638654
110,0.0,24075942.03317228,26870381.399908677,13127994.191960735,13749639.67465434,24915941.583888344,5811404.363657468,0.0,Esztergomi,11,Komárom-Esztergom,,0.24196086555438964,112,-0.7272277226891735,60005.0,36.33950380523649
111,0.0,5062748.713849976,5650370.344205445,3993374.360525946,54934.03041463775,5198384.3620080305,1222036.5013020572,15384480.329372726,Kisbéri,11,Komárom-Esztergom,,0.22441609132503465,124,-0.5199168601573253,12618.0,7.641560853503442
112,0.0,10393921.812671075,11600320.476037567,4310285.560096816,36081848.510903426,11496827.086072411,2508864.7619456165,0.0,Komáromi,11,Komárom-Esztergom,,0.3962524313829443,72,-0.8384013745890259,25905.0,15.688273411793206
113,0.0,6897583.859549448,7698170.596547455,3620046.4196005194,13563243.607276602,7422961.810816308,1664925.4631386641,0.0,Oroszlányi,11,Komárom-Esztergom,,0.33138635065649497,90,-0.7446350719741486,17191.0,10.411005914770778
114,0.0,10433242.574595096,11644205.108604703,5544319.410015615,113207.29060642142,10585886.02075239,2518355.9314754624,0.0,Tatai,11,Komárom-Esztergom,,0.1980720362351353,136,-0.739032305239833,26003.0,15.747622988877
115,0.0,22639931.758416448,25267696.706461914,9747786.78460385,49703125.92903968,24390381.834088586,5464782.978480732,0.0,Tatabányai,11,Komárom-Esztergom,,0.33387449712730427,88,-0.8248948794243732,56426.0,34.17203302581909
116,0.0,9306181.143528003,16246642.678482894,18594432.403672267,4597111.444604783,16692528.256719362,3513750.2795862826,28279254.775675304,Balassagyarmati,12,Nógrád,,0.4841799119546359,56,0.5096473141244199,23194.0,21.971959558380266
117,0.0,4809571.154931024,8396503.655556371,13731256.517357618,13540587.346832966,9515327.423329163,1815957.773622522,14615134.388032245,Bátonyterenyei,12,Nógrád,,0.7399952504589815,12,1.2392000242011516,11987.0,11.355431543774436
118,0.0,7449278.223279336,13004879.191545807,19622606.83400669,4576962.871712173,13736713.401726022,2812636.3581443015,22636571.70669948,Pásztói,12,Nógrád,,0.5538834255336234,41,1.0511967029431666,18566.0,17.58779861864655
119,0.0,6387216.419066236,11150741.77799298,8138218.376775607,18053839.281701915,11874219.330954244,2411631.9177689934,19409220.34896849,Rétsági,12,Nógrád,,0.5746954302710378,38,-0.10668919973842929,15919.0,15.080263180557708
120,0.0,14067604.42671533,24559090.236711595,43754480.03902388,40617843.77870041,28128439.065892205,5311528.781261303,42748079.317493826,Salgótarjáni,12,Nógrád,,0.7692228855526766,11,1.4565686081638893,35061.0,33.213713636128766
121,0.0,4570436.725270651,7979025.038828951,22185861.289954334,49592.13349604839,8824911.376694888,1725667.389616597,13888462.151837433,Szécsényi,12,Nógrád,,0.6741457814926173,22,2.9412876668260366,11391.0,10.790833462512273
122,0.0,9909233.237117836,3007023.0607095733,6563540.735704303,4603654.941808239,2598252.281040807,650345.3254550992,0.0,Aszódi,13,Pest,,0.08914754524904137,181,-0.6275388405770704,24697.0,4.066697987303627
123,0.0,24886431.20752455,7551953.89482574,3518239.6771462113,4766167.026712153,6310877.884866904,1633302.377266572,0.0,Budakeszi,13,Pest,,0.020482071749891965,196,-1.071099804914526,62025.0,10.21326244736233
124,0.0,23138262.230963737,7021460.333846204,20222335.54418183,36220132.6770201,6323538.002876803,1518569.6330867987,70311635.09544036,Ceglédi,13,Pest,,0.1774953716532199,146,-0.4473779273639103,57668.0,9.495822955493606
125,0.0,13462947.404067373,4085421.3782665515,16327215.168262135,13634481.96039712,3676648.253791902,883576.4283241042,0.0,Dabasi,13,Pest,,0.17590424779797897,147,-0.15895480722656533,33554.0,5.5251238719676845
126,0.0,23088509.430161916,7006362.51388718,2749565.2128897496,18235058.889881443,5959824.490236089,1515304.344980695,0.0,Dunakeszi,13,Pest,,0.05667382374940899,187,-1.0900716232752965,57544.0,9.475404663781022
127,0.0,34250791.02940952,10393631.4756615,8027400.021655121,4867776.262395083,8710402.306094414,2247887.531366121,0.0,Érdi,13,Pest,,0.026261321747605655,195,-0.9919225262674377,85364.0,14.056347207684611
128,0.0,41942413.540465474,12727705.7386814,13756346.832230557,31928036.145305607,10928177.851768969,2752690.5393822463,0.0,Gödöllői,13,Pest,,0.07597530400326696,184,-0.912224965087013,104534.0,17.212949240992724
129,0.0,11832740.713278623,3590724.261383408,6986818.761255754,9120659.700755283,3122127.5162797743,776585.576912027,0.0,Gyáli,13,Pest,,0.10229247208217455,175,-0.6887536395654982,29491.0,4.856095491094921
130,0.0,19655164.942571625,5964491.180102032,10903984.119349541,13701671.44299255,5166016.241579933,1289973.1326909724,0.0,Monori,13,Pest,,0.09414582793704968,180,-0.7191482339718603,48987.0,8.066377871969987
131,0.0,19376308.5187227,5879870.33436396,20391840.399513964,27187046.12746076,5314043.255528318,1271671.7195156356,58879959.11127498,Nagykátai,13,Pest,,0.18515320065875263,145,-0.2954648556630165,48292.0,7.95193664019382
132,0.0,6931287.369770037,2103345.4821945126,8443511.282442514,13563609.311711125,1942052.595829081,454902.03252366034,21062521.61118353,Nagykőrösi,13,Pest,,0.23241498459357499,116,-0.15433892219256004,17275.0,2.844564430119859
133,0.0,14786612.64475457,4487096.443144103,875508.5307156895,160444.1133991635,3711682.723045036,970448.8917276096,0.0,Pilisvörösvári,13,Pest,,0.0,197,-1.141050607584144,36853.0,6.068349229708085
134,0.0,10025590.593831778,3042332.478355675,8218490.60300294,27085584.915001325,2806262.8152280296,657981.8863484052,0.0,Ráckevei,13,Pest,,0.23021237999884436,118,-0.49354527344514687,24987.0,4.114450443728215
135,0.0,22613851.661221944,6862324.4412135985,3886125.41798244,18229908.552428562,5855389.120942486,1484152.443129726,0.0,Szentendrei,13,Pest,,0.06304674697659352,185,-1.0451539128921108,56361.0,9.280607574297271
136,0.0,34182982.77670381,10373054.6081367,10785193.633195462,18355440.9532033,8840076.358895948,2243437.2596731256,0.0,Szigetszentmiklósi,13,Pest,,0.06050610957070706,186,-0.9228400926799298,85195.0,14.028519052044075
137,0.0,6467864.1042369325,1962716.5946729695,3213634.5655009556,70180.4224349311,1657805.7174769135,424487.45379342436,19654289.341376472,Szobi,13,Pest,,0.04221091526138252,192,-0.7684449255348442,16120.0,2.654377922635724
138,0.0,18431406.535752602,5593133.511755099,7097914.539386879,31672926.82685524,4943135.802754624,1209657.5784682713,0.0,Váci,13,Pest,,0.13683953411429936,161,-0.8635969233152573,45937.0,7.564153761297596
139,0.0,13462546.171802841,4085299.6216539796,2957474.7036648877,4642210.637905245,3444335.3315719254,883550.0953555066,0.0,Vecsési,13,Pest,,0.03847818061562793,193,-1.0044288284658052,33553.0,5.524959208324842
140,0.0,5480431.501226568,13424640.443738375,18894449.65984579,13547866.606529694,16271398.047334997,2903420.4202080616,16653718.245276753,Barcsi,14,Somogy,,0.9305339774559814,3,1.7437541130404506,13659.0,18.15548373611178
141,0.0,3884329.552922937,9514894.511738138,10659209.469595678,18026681.373814255,11805942.891457582,2057838.281575097,11803546.843291914,Csurgói,14,Somogy,,1.0,1,1.1448432850489823,9681.0,12.867943337674658
142,0.0,8278224.081800025,20277998.509057045,12785245.474019319,4585957.459351787,21591549.343680173,4385633.656177812,25155539.55901237,Fonyódi,14,Somogy,,0.5744429646766511,39,0.12343833600570346,20632.0,27.42396518364875
143,0.0,27354009.634389136,67005261.16493622,30871916.779883236,13785208.784536064,69921177.72316462,14491594.344218802,83122281.38017003,Kaposvári,14,Somogy,,0.5230414469941724,50,-0.23059389235131697,68175.0,90.61791519945974
144,0.0,8306310.340317181,20346797.457081184,19282346.79542325,18074662.666348707,23493974.28441529,4400513.180990358,25240886.969303705,Marcali,14,Somogy,,0.7918043625537501,9,0.7849271704554017,20702.0,27.517008880956592
145,0.0,5854781.204033828,14341632.13668866,17187207.273109872,4559661.56905979,16248066.939459302,3101743.229495281,17791277.29958843,Nagyatádi,14,Somogy,,0.7392248026844868,13,1.307820134135678,14592.0,19.395623301657743
146,0.0,12748753.9732025,31228825.350270387,13978705.114468234,9130599.02485075,32775933.57296102,6754028.877054759,0.0,Siófoki,14,Somogy,,0.5376047367782946,45,-0.2579489178188196,31774.0,42.23386340370567
147,0.0,2954674.3960050107,7237649.332139206,6265875.616087767,9024327.05762763,8477519.002468245,1565326.010279828,8978547.562648658,Tabi,14,Somogy,,0.8320165620867751,5,0.6140189492977285,7364.0,9.788196956785063
148,0.0,4764633.141303571,2845032.95937741,15660099.680484924,51699.28761878453,2731588.0457767406,615310.8401703369,14478578.531566106,Baktalórántházai,15,Szabolcs-Szatmár-Bereg,,0.32141323344427075,92,1.606782501358819,11875.0,3.847622574262009
149,0.0,3152080.6701541776,1882154.0150626467,11145010.490814595,34202.07187647759,1820147.3484657742,407063.74403184553,9578417.932124913,Csengeri,15,Szabolcs-Szatmár-Bereg,,0.33816924241633706,86,1.8187961497757374,7856.0,2.545425089970723
150,0.0,9037756.75855688,5396578.308208518,29227670.770715218,4594198.870001248,5265838.851777068,1167147.5094599442,27463577.383033812,Fehérgyarmati,15,Szabolcs-Szatmár-Bereg,,0.3592482169234059,82,1.5618420090693887,22525.0,7.298332504021199
151,0.0,5842343.003833373,3488549.4670732175,11900259.290262576,4559526.606708955,3300467.4730029036,754487.6752606547,17753480.589316554,Ibrányi,15,Szabolcs-Szatmár-Bereg,,0.28746851893968933,99,0.5427019832862341,14561.0,4.717914299269819
152,0.0,5556264.399222894,3317727.6986491256,10930173.413020842,60288.98820588869,3050353.3737880555,717543.1170255853,16884156.253063362,Kemecsei,15,Szabolcs-Szatmár-Bereg,,0.22297188361679288,125,0.4833457215864171,13848.0,4.4868949396530775
153,0.0,13726155.769599594,8196090.740235889,21509095.932248488,148937.48458430477,7422815.965895338,1772613.3761875557,41710498.65809486,Kisvárdai,15,Szabolcs-Szatmár-Bereg,,0.1897094353123962,140,0.1426557668078372,34210.0,11.084393117095017
154,0.0,15703027.136942979,9376509.888939256,36971553.557864346,9162654.759986509,8915046.87905509,2027909.0822523346,47717737.09388654,Mátészalkai,15,Szabolcs-Szatmár-Bereg,,0.29883060104979453,97,0.8130332998725371,39137.0,12.680791973801451
155,0.0,7596530.464362149,4536000.7595698945,16362752.47855645,82427.1673672798,4198520.863333675,981025.6957427359,23084035.986369774,Nagykállói,15,Szabolcs-Szatmár-Bereg,,0.23793645819213122,113,0.6423796804824308,18933.0,6.134487427242325
156,0.0,10662346.197642198,6366644.704210128,30263298.79522821,4611826.694470172,6120592.398385276,1376949.075089392,32400315.444028437,Nyírbátori,15,Szabolcs-Szatmár-Bereg,,0.32438143796763336,91,1.2250231900378539,26574.0,8.610250297973778
157,0.0,42752501.482553214,25528151.319624513,31251402.05502877,463891.72157005034,22327375.270210985,5521112.922330096,0.0,Nyíregyházi,15,Szabolcs-Szatmár-Bereg,,0.11467124966404134,169,-0.5691192540826782,106553.0,34.52427184466019
158,0.0,6534468.66014905,3901827.9390669884,17244731.572675265,9063170.092923192,3840707.6894575167,843869.6709906615,19856684.628638785,Tiszavasvári,15,Szabolcs-Szatmár-Bereg,,0.3799492439108059,75,1.055350530283908,16286.0,5.276832104794195
159,0.0,9060626.997635137,5410234.46641353,28053532.11430917,98313.54214799093,5164970.970416715,1170101.0014927618,27533074.559985332,Vásárosnaményi,15,Szabolcs-Szatmár-Bereg,,0.30821549734177683,95,1.4445653992637926,22582.0,7.316801092377657
160,0.0,4304419.733886713,2570232.723216914,8110189.734931469,46705.68063783752,2355907.1640990153,555878.2899660947,13080100.251506627,Záhonyi,15,Szabolcs-Szatmár-Bereg,,0.21620677747073883,129,0.4126593861045652,10728.0,3.475982734878554
161,0.0,7856127.739513594,15530594.266000954,17258149.25316352,22565911.3844071,17377604.751175843,3358886.572705602,23872889.90720542,Jászapáti,16,Jász-Nagykun-Szolnok,,0.7053682913926165,17,0.6788171726839436,19580.0,21.00357568533969
162,0.0,12760790.941138424,25226507.66271166,14657529.04059822,22619130.086878847,26277274.008740395,5455874.798688916,38776986.241509765,Jászberényi,16,Jász-Nagykun-Szolnok,,0.5185335051424033,51,-0.21353973552090455,31804.0,34.11632896305125
163,0.0,9826980.622889016,19426727.005255125,24412278.571189836,22587296.386578344,21666964.33051347,4201524.511680572,29861839.612220384,Karcagi,16,Jász-Nagykun-Szolnok,,0.6966400822860433,20,0.9235309241292586,24492.0,26.27270560190703
164,0.0,4885404.05292735,9657840.438346662,15694839.695417596,4549143.212942991,10621864.186604531,2088753.9790226463,14845572.395818854,Kunhegyesi,16,Jász-Nagykun-Szolnok,,0.659164918310047,26,1.5436619156625426,12176.0,13.061263408820025
165,0.0,7966466.612259571,15748720.58996164,14748262.12381739,13574841.662200091,16867861.293260146,3406061.945917759,24208183.304778527,Kunszentmártoni,16,Jász-Nagykun-Szolnok,,0.5896394213535122,35,0.38468218823661177,19855.0,21.298569725864123
166,0.0,6248791.2878031,12353088.615868174,10892036.760810044,18052337.28134583,13578108.801071249,2671670.0451132297,18988579.541104045,Mezőtúri,16,Jász-Nagykun-Szolnok,,0.657591841510066,27,0.2925381668295257,15574.0,16.706317044100118
167,0.0,28193788.764052156,55735638.29843488,32579154.788120974,18290454.404463455,56133922.046121106,12054251.36317044,0.0,Szolnoki,16,Jász-Nagykun-Szolnok,,0.43510090708874916,61,-0.20766038614894816,70268.0,75.37687723480333
168,0.0,4467320.033286229,8831339.967193801,10761212.421885664,4544606.7365052,9469331.458429202,1910002.20125149,13575115.231196381,Tiszafüredi,16,Jász-Nagykun-Szolnok,,0.5924910723776686,33,0.8593925103061651,11134.0,11.943504171632897
169,0.0,8685474.830298813,17170111.035552736,15314925.036516244,31567177.294538587,19198048.525683943,3713473.832449344,26393077.008236755,Törökszentmiklósi,16,Jász-Nagykun-Szolnok,,0.7033889595067355,18,0.3097505050558122,21647.0,23.220858164481523
170,0.0,7153971.276584647,10973553.309094774,5921960.486666531,4573758.604285864,10643304.62860292,2373310.398397172,0.0,Bonyhádi,17,Tolna,,0.34505897544620484,84,-0.4867043297454958,17830.0,14.84063349521977
171,0.0,7304433.375783706,11204348.737637145,11540964.621920763,4575391.213368563,11223065.603928493,2423225.7881559455,22196422.91933987,Dombóvári,17,Tolna,,0.4218622516074978,67,0.15370593596237397,18205.0,15.152761232780476
172,0.0,11796629.809470847,18094977.052198283,12729409.81299418,36097068.78117839,18943104.19608977,3913499.6647939,0.0,Paksi,17,Tolna,,0.531148734831201,46,-0.2727666096814612,29401.0,24.471646965392956
173,0.0,13473780.675209703,20667576.762350615,15073400.689599695,18130732.992684904,20757369.87946684,4469889.8759717,0.0,Szekszárdi,17,Tolna,,0.42832784173539923,64,-0.23901030811204013,33581.0,27.950830813402973
174,0.0,8470815.568774821,12993474.899697633,13575562.32390278,22572581.13671295,13792480.995252911,2810169.889565961,25740778.943867255,Tamási,17,Tolna,,0.5665021760182615,40,0.17297510763481364,21112.0,17.57237545435108
175,0.0,4344141.728075265,6663525.612875439,5729471.401162453,4543270.173869498,6690695.228652669,1441157.1331153212,0.0,Tolnai,17,Tolna,,0.42768162170852325,65,-0.06858645523889553,10827.0,9.011752038852745
176,0.0,5853176.274975705,9060216.171525605,4667291.92314963,9055777.638996737,9113556.698782135,1959502.5098922793,17786400.304714642,Celldömölki,18,Vas,,0.43205781291725126,63,-0.5125790441073563,14588.0,12.253036350371229
177,0.0,6449006.187803984,9982509.907110712,4467753.813896151,18054509.739831872,10314780.710771287,2158972.0209417744,0.0,Körmendi,18,Vas,,0.4983012425094538,53,-0.6016437972473425,16073.0,13.500346398376525
178,0.0,6861071.723477143,10620352.106737582,2260528.6118720784,9066713.943038706,10377235.47072168,2296921.6423881254,0.0,Kőszegi,18,Vas,,0.36247548334822943,80,-0.9109565173842029,17100.0,14.362964189151906
179,0.0,9979850.115675261,15447954.26613356,5612084.316086678,9100554.66410488,15079040.130087934,3341013.5679017454,0.0,Sárvári,18,Vas,,0.36008299869586075,81,-0.7126971801448571,24873.0,20.891813349519026
180,0.0,3723435.4148460752,5763559.50587864,1594390.4041951569,4536535.117200339,5642007.443591387,1246516.5404305148,0.0,Szentgotthárdi,18,Vas,,0.3668319750579592,79,-0.8268982694077519,9280.0,7.794637875750274
181,0.0,29188443.547824077,45181213.725663096,13261507.6298102,13805113.554472324,43249385.68143107,9771588.229170116,0.0,Szombathelyi,18,Vas,,0.3144436108096772,93,-0.8046459886135466,72747.0,61.10307344258677
182,0.0,3388807.7062273654,5245584.438216703,4627989.2480013715,36770.71016658982,5150264.148848268,1134491.239275445,10297774.676009038,Vasvári,18,Vas,,0.3738877318189109,77,-0.028765292279129856,8446.0,7.09412839424427
183,0.0,9256428.34272618,1647927.674161597,8625807.151142716,4596571.595201437,1432011.3222451624,356406.33209051343,0.0,Ajkai,19,Veszprém,,0.10103292928688333,177,-0.3980885452741428,23070.0,2.2286573865361436
184,0.0,6714220.71465886,1195336.8747039516,5251490.771109687,72853.54770633603,1015323.686153322,258522.04426539454,0.0,Balatonalmádi,19,Veszprém,,0.053708284650792075,190,-0.5255626962957041,16734.0,1.616573589349624
185,0.0,6335457.456941759,1127905.4172089996,3689598.6069961735,68743.72644215645,949588.2545719211,243938.27410963192,0.0,Balatonfüredi,19,Veszprém,,0.03557545771757518,194,-0.6956430238192529,15790.0,1.525379286233451
186,0.0,3675287.5431023757,654313.7189128839,6923212.760941093,39879.197860047694,580692.6265899487,141512.00701990045,11168318.260980675,Devecseri,19,Veszprém,,0.14577825442146092,156,0.41228990043258307,9160.0,0.884893873457784
187,0.0,14143838.556976186,2518036.343384068,8655806.49390108,18138003.545133185,2207939.3821834093,544589.4933906671,42979736.57399889,Pápai,19,Veszprém,,0.1200675865812605,166,-0.6704326744031067,35251.0,3.405392350792614
188,0.0,3755533.9960085414,668600.0446533398,4493985.08743404,4536883.407137981,600293.1236925204,144601.78883256204,11412168.00467021,Sümegi,19,Veszprém,,0.1708085414646199,148,-0.17268047890217547,9360.0,0.9042147003891767
189,0.0,8236897.158553349,1466419.9056291038,8194948.901315874,4585509.036057073,1280183.1953556861,317150.65416064806,0.0,Tapolcai,19,Veszprém,,0.11075744215551271,171,-0.34442203123959164,20529.0,1.9831862803728
190,0.0,9342693.279600307,1663285.4743325873,6566811.816414318,13589774.593276506,1471320.9478549985,359727.8475391247,0.0,Várpalotai,19,Veszprém,,0.13877538836285597,159,-0.5930446313354744,23285.0,2.249427275487391
191,0.0,21005311.51271786,3739588.625821756,7364456.488541208,31700855.326229937,3258230.3425132153,808781.2872822956,0.0,Veszprémi,19,Veszprém,,0.10660207677041757,173,-0.8929686238047062,52352.0,5.0574196575613435
192,0.0,4755003.566954832,846536.2317507188,3043096.71300227,9043861.769505147,755110.8713496884,183085.021309262,0.0,Zirci,19,Veszprém,,0.15669994186691835,151,-0.6465997034854254,11851.0,1.144855599819672
193,0.0,12008881.677407656,5851356.281132383,6996278.942495742,4626437.457354267,5160179.054279498,1265504.8292542228,0.0,Keszthelyi,20,Zala,,0.13222378433495025,162,-0.6954564321371077,29930.0,7.9133742346034355
194,0.0,4472134.820460599,2179058.3731874893,5528716.015888971,13536925.9488635,2119841.9499580064,471276.87360065384,13589746.215817751,Lenti,20,Zala,,0.35211836185307743,83,-0.13894165733197827,11146.0,2.9469585438987607
195,0.0,3719824.324465298,1812493.2870824703,5695979.869046232,4536495.9345823545,1708258.3584742113,391997.8373543569,11303654.868728368,Letenyei,20,Zala,,0.2787763422099585,104,0.11220587824537634,9271.0,2.451215921450333
196,0.0,17958754.928135287,8750446.234119758,25219507.607845727,9187130.835354326,8028367.53309556,1892506.8711189362,0.0,Nagykanizsai,20,Zala,,0.2183067448327575,127,0.0041255573222136405,44759.0,11.834103487023562
197,0.0,24999177.473857712,12180908.935924966,22311797.93617512,18255790.848419607,11013711.27372283,2634431.803926281,0.0,Zalaegerszegi,20,Zala,,0.18614289202886605,144,-0.4316078148163863,62306.0,16.473461244944925
198,0.0,3613096.5421000975,1760489.9202003714,2645857.3547707857,39204.38610586566,1543290.77512452,380750.78474554885,10979334.709621286,Zalaszentgróti,20,Zala,,0.11952611438161868,167,-0.5680021162084173,9005.0,2.3808865680789824
