district_id,district_name,county_id,county_name,nuts3_code,is_budapest_district,pop,jobseekers,jobseeker_rate,county_cases,pop_share,lambda,lambda_lo,lambda_hi,county_child_pop,pop_child,pop_u5,burden_rate,burden_rate_u5,komplex_mutato,kedvezmenyezett_290,komplex_program_290,deprivation_290,evidence_class,confidence,vacant_paed,vacant_any,vacant_paed_practice_rate,expected_cost,expected_cost_societal,score_disease,score_socioeconomic,score_healthcare,need_mpi,need_score,need_wsum,need_rank_ws,need_rank,need_score_290,spec_top_count,spec_n_specs
141,Csurgói,14,Somogy,,False,9681.0,811.1666666666666,0.08378955342078986,248,0.051886868297075235,12.867943337674658,6.433971668837329,19.301915006511987,39313,2039.8284533629187,693.5416741433924,630.834583979854,18.553958352348644,2951,1,1,1.0914228479048342,estimated,low,4.0,5.0,41.318045656440454,2057838.281575097,10289191.407875484,2.006951051543241,1.1448432850489823,3.268071295860942,119.45981936258387,1.0,1.0,0.9950293543244917,1,1.0,7,7
062,Ózdi,05,Borsod-Abaúj-Zemplén,,False,30881.0,4138.916666666667,0.13402793519208145,493,0.07708302131695871,38.00192950926064,19.00096475463032,57.002894263890965,100996,7785.076820927562,2646.9261191153714,488.1381440849142,14.357004237791593,2549,1,1,1.3470150939127101,estimated,low,7.0,13.0,22.66765972604514,6077259.066638584,30386295.333192922,1.2132034268608696,2.7218707691933197,1.3419835025265279,117.3436685276078,0.9307357838291981,0.9044785753679556,0.9727063102077683,2,0.8123308249703375,7,7
140,Barcsi,14,Somogy,,False,13659.0,1405.0833333333333,0.10286868243160797,248,0.07320759571012815,18.15548373611178,9.07774186805589,27.23322560416767,39313,2878.010210152268,978.5234714517712,630.834583979854,18.55395835234864,3019,1,1,1.04818833862987,estimated,low,3.0,7.0,21.963540522732266,2903420.4202080616,14517102.10104031,2.006951051543241,1.7437541130404506,1.2692667551297339,117.33750296696488,0.9305339774559814,0.9402307479314456,1.0,3,0.8680590949136151,7,7
055,Edelényi,05,Borsod-Abaúj-Zemplén,,False,19794.0,2227.5833333333335,0.11253831127277628,493,0.04940841695372173,24.358349558184813,12.179174779092406,36.53752433727722,100996,4990.05247865808,1696.6178427437474,488.13814408491425,14.357004237791593,2734,1,1,1.2293917966205283,estimated,low,4.0,11.0,20.20814388198444,3895381.1717575258,19476905.85878763,1.2132034268608698,2.0472923622105554,1.087981067271962,114.62611286035504,0.8417868487714039,0.8249528216230883,0.9748417139456222,4,0.7823952484440633,7,7
147,Tabi,14,Somogy,,False,7364.0,492.5,0.0668794133623031,248,0.0394685361160688,9.788196956785063,4.894098478392531,14.682295435177593,39313,1551.6265603310128,527.5530305125444,630.834583979854,18.553958352348644,3110,1,0,0.9903303923942564,estimated,low,2.0,4.0,27.159152634437802,1565326.010279828,7826630.051399141,2.006951051543241,0.6140189492977285,1.8058350119263564,114.32761240126302,0.8320165620867751,0.8634300640227376,0.945777493323125,5,0.8989004572463261,6,7
066,Szerencsi,05,Borsod-Abaúj-Zemplén,,False,23696.0,2437.0833333333335,0.10284787868557282,493,0.05914832010383905,29.160121811192653,14.580060905596326,43.74018271678898,100996,5973.743737207329,2031.072870650492,488.13814408491425,14.357004237791594,3122,1,0,0.9827007731104392,estimated,low,5.0,9.0,21.100607697501687,4663279.390015476,23316396.95007738,1.2132034268608698,1.7431010649502483,1.1801487933166523,113.86587962223086,0.8169034810665413,0.8012075988430074,0.9663898218403354,6,0.7628192400757432,7,7
093,Balmazújvárosi,09,Hajdú-Bihar,,False,18398.0,1296.9166666666667,0.07049226365184622,512,0.054077250695879396,27.68755235629025,13.843776178145125,41.531328534435374,78865,4264.8023761305285,1450.0328078843797,649.210676472453,19.0944316609545,3716,1,0,0.6050346185614882,estimated,low,4.0,7.0,21.74149364061311,4427786.450929848,22138932.25464924,2.1091678957594175,0.7274295330352039,1.246335230238302,113.86062948981503,0.8167316377836498,0.8587251877083613,0.9598938877806457,7,0.8262004163253511,6,7
056,Encsi,05,Borsod-Abaúj-Zemplén,,False,13417.0,2291.0833333333335,0.170759732677449,493,0.033490589586141484,16.51086066596775,8.255430332983876,24.766290998951625,100996,3382.4155858419454,1150.0212991862616,488.13814408491425,14.357004237791593,2327,1,1,1.488163050663328,estimated,low,0.0,4.0,0.0,2640412.709986396,13202063.549931983,1.2132034268608698,3.874914560296292,-0.9989816048302742,113.34222619843547,0.7997636612839146,0.8777509328550888,0.7879101455603643,8,0.6369626088118692,4,7
144,Marcali,14,Somogy,,False,20702.0,1497.25,0.07232393005506714,248,0.11095568097159916,27.517008880956592,13.758504440478296,41.275513321434886,39313,4362.000686036478,1483.0802332524026,630.8345839798538,18.553958352348644,3640,1,0,0.6533555406923304,estimated,low,4.0,8.0,19.321804656554924,4400513.180990358,22002565.90495179,2.0069510515432407,0.7849271704554017,0.9964458481497116,113.0990547950065,0.7918043625537501,0.8323654052728998,0.9153853745779288,9,0.8028920323019477,6,7
054,Cigándi,05,Borsod-Abaúj-Zemplén,,False,9446.0,1497.3333333333333,0.1585150681064295,493,0.023578453397234286,11.624177524836503,5.812088762418251,17.436266287254753,100996,2381.329479307074,809.6520229644052,488.13814408491425,14.357004237791594,1863,1,1,1.7831749963042596,estimated,low,0.0,4.0,0.0,1858935.5637274722,9294677.818637362,1.2132034268608698,3.4905436494151445,-0.9989816048302742,112.44996774728934,0.7705589461856596,0.8409206737547004,0.7857986679148113,10,0.6635629714767323,4,7
120,Salgótarjáni,12,Nógrád,,False,35061.0,3285.916666666667,0.09371999277449779,110,0.3019428512375342,33.213713636128766,16.606856818064383,49.820570454193145,26042,7863.195731927866,2673.4865488554747,422.3945933492052,12.42337039262368,3783,1,0,0.5624359108935089,estimated,low,9.0,16.0,25.66954736031488,5311528.781261303,26557643.906306516,0.8475055350769237,1.4565686081638893,1.651998488323978,112.4091486060304,0.7692228855526766,0.7397931093708764,0.9207687453456275,11,0.7027392241551117,5,7
117,Bátonyterenyei,12,Nógrád,,False,11987.0,1040.4166666666667,0.0867954172575846,110,0.10323119585249488,11.355431543774436,5.677715771887218,17.033147315661655,26042,2688.3468023906717,914.0379128128284,422.3945933492051,12.42337039262368,3884,1,0,0.49821994858804747,estimated,low,3.0,3.0,25.027112705430884,1815957.773622522,9079788.868112609,0.8475055350769231,1.2392000242011516,1.585652110752753,111.51618990632636,0.7399952504589815,0.7150761593926679,0.8986012208288596,12,0.6915157580812527,4,7
145,Nagyatádi,14,Somogy,,False,14592.0,1298.4166666666667,0.08898140533625731,248,0.07820815847442639,19.395623301657743,9.697811650828871,29.093434952486614,39313,3074.5973341051244,1045.3630935957424,630.834583979854,18.553958352348644,3356,1,0,0.8339231970760039,estimated,low,1.0,6.0,6.853070175438596,3101743.229495281,15508716.147476403,2.006951051543241,1.307820134135678,-0.2912421049058009,111.4926512915634,0.7392248026844868,0.8069930808783792,0.8727550596208314,13,0.720147438693625,6,7
057,Gönci,05,Borsod-Abaúj-Zemplén,,False,10713.0,1551.5,0.14482404555213294,493,0.026741051370375916,13.183338325595326,6.591669162797663,19.775007488392987,100996,2700.739224202486,918.2513362288454,488.1381440849142,14.357004237791593,2211,1,1,1.561916037073561,estimated,low,0.0,4.0,0.0,2108276.169194623,10541380.845973115,1.2132034268608696,3.0607702750963117,-0.9989816048302742,111.39503641412402,0.7360297478421299,0.7997399696938111,0.7639720902133312,14,0.6437070684718162,4,7
069,Tokaji,05,Borsod-Abaúj-Zemplén,,False,7473.0,708.0833333333333,0.09475221909987064,493,0.018653586940242623,9.196218361539612,4.598109180769806,13.794327542309418,100996,1883.9376666167439,640.5388066496929,488.13814408491425,14.357004237791594,3241,1,0,0.9070403818792521,estimated,low,1.0,3.0,13.381506757660912,1470656.9413228245,7353284.706614123,1.2132034268608698,1.4889711105450574,0.3829713970294762,110.99316867001669,0.7228761229493005,0.7301317334233886,0.9192853276229728,15,0.6969527379694244,5,7
098,Hajdúhadházi,09,Hajdú-Bihar,,False,15326.0,1251.5833333333333,0.08166405672278046,512,0.04504771954370299,23.064432406375932,11.532216203187966,34.5966486095639,78865,3552.6884018141363,1207.9140566168064,649.210676472453,19.0944316609545,3526,1,0,0.7258369238885937,estimated,low,1.0,1.0,6.524859715516116,3688458.2643195377,18442291.321597688,2.1091678957594175,1.0781220533524962,-0.3251374978944844,110.933398482348,0.7209197712890937,0.8002191120625135,0.873478823912933,16,0.7155465299933721,6,7
161,Jászapáti,16,Jász-Nagykun-Szolnok,,False,19580.0,1349.9166666666665,0.06894364998297582,243,0.08643446784090407,21.00357568533969,10.501787842669845,31.505363528009536,52946,4576.359334304507,1555.9621736635324,458.95818380991955,13.498770112056457,3059,1,1,1.0227562743504794,estimated,low,5.0,8.0,25.53626149131767,3358886.572705602,16794432.86352801,1.0508901682143634,0.6788171726839436,1.6382336104143416,110.45827180096188,0.7053682913926165,0.698730389444906,0.889282007877666,17,0.7776506515873974,5,7
169,Törökszentmiklósi,16,Jász-Nagykun-Szolnok,,False,21647.0,1237.9166666666665,0.05718652315178392,243,0.09555908709663179,23.220858164481523,11.610429082240762,34.83128724672228,52946,5059.471425418266,1720.2202846422106,458.95818380991955,13.498770112056457,3387,1,0,0.8142133472594761,estimated,low,7.0,8.0,32.337044394142374,3713473.832449344,18567369.162246723,1.0508901682143634,0.3097505050558122,2.340573228647132,110.39779952458943,0.7033889595067355,0.7045330563687697,0.8730780618668933,18,0.7969168986086842,5,7
047,Gyomaendrődi,04,Békés,,False,13137.0,779.8333333333333,0.05936159955342417,131,0.06624142799515934,8.677627067365872,4.338813533682936,13.016440601048808,41222,2730.6041448164583,928.4054092375959,317.7914705739653,9.346807958057802,3927,1,0,0.47088047948770256,estimated,low,7.0,8.0,53.284615970160615,1387723.9512063835,6938619.756031917,0.2656516338980653,0.3780280877438075,4.5038990741897,110.22304117731024,0.6976689041385012,0.7055717759420501,0.8022986993178073,19,0.7444601687682043,4,7
163,Karcagi,16,Jász-Nagykun-Szolnok,,False,24492.0,1879.5,0.07673934345908869,243,0.10811813004900013,26.27270560190703,13.136352800953516,39.409058402860545,52946,5724.422513574361,1946.3036546152828,458.95818380991955,13.498770112056457,3161,1,0,0.9579045104380333,estimated,low,5.0,6.0,20.414829332026784,4201524.511680572,21007622.55840286,1.0508901682143634,0.9235309241292586,1.1093261656453741,110.19160875314547,0.6966400822860433,0.6911777195474447,0.8829774825563835,20,0.7357062229200267,5,7
064,Sárospataki,05,Borsod-Abaúj-Zemplén,,False,13515.0,1107.6666666666667,0.08195831791836232,493,0.033735210423843046,16.63145873895462,8.31572936947731,24.94718810843193,100996,3407.121311966452,1158.4212460685937,488.13814408491425,14.357004237791594,3964,1,0,0.4473558200292662,estimated,low,2.0,6.0,14.798372179060303,2659698.723668938,13298493.61834469,1.2132034268608698,1.0873591739879176,0.5292958325205087,110.0139211115121,0.6908241475154423,0.7002260122595477,0.9023815434123992,21,0.6582949219601173,1,7
121,Szécsényi,12,Nógrád,,False,11391.0,1606.3333333333333,0.14101776256108622,110,0.09809848602283884,10.790833462512273,5.3954167312561365,16.18625019376841,26042,2554.680773006769,868.5914628223015,422.3945933492052,12.42337039262368,3029,1,1,1.0418303225600225,estimated,low,0.0,4.0,0.0,1725667.389616597,8628336.948082985,0.8475055350769237,2.9412876668260366,-0.9989816048302742,109.50436595971186,0.6741457814926173,0.7266754338136024,0.7310557687303921,22,0.5538647871743498,3,7
059,Mezőcsáti,05,Borsod-Abaúj-Zemplén,,False,8858.0,1080.5,0.12198013095506886,493,0.022110728371024912,10.900589086915282,5.450294543457641,16.350883630372923,100996,2233.095122560032,759.2523416704109,488.13814408491425,14.357004237791594,2750,1,1,1.2192189709087722,estimated,low,0.0,4.0,0.0,1743219.48163222,8716097.408161102,1.2132034268608698,2.3436794792776734,-0.9989816048302742,109.49366175123953,0.6737954196009643,0.7310286310861122,0.7773527573325998,23,0.6118256744735581,2,7
101,Nyíradonyi,09,Hajdú-Bihar,,False,18589.0,1589.25,0.0854941094195492,512,0.054638657092385155,27.9749924313012,13.9874962156506,41.9624886469518,78865,4309.0776915909555,1465.086415140925,649.2106764724529,19.094431660954495,2317,1,1,1.4945210667331759,estimated,low,0.0,1.0,0.0,4473753.79586558,22368768.979327902,2.109167895759417,1.198350813825371,-0.9989816048302742,109.25508836213038,0.6659866195273894,0.7722431189389822,0.7690982554887953,24,0.7343356430318186,3,7
067,Szikszói,05,Borsod-Abaúj-Zemplén,,False,10769.0,1265.8333333333333,0.11754418547064104,493,0.02688083470620538,13.252251510159253,6.626125755079626,19.87837726523888,100996,2714.8567819879186,923.0513058758924,488.13814408491425,14.357004237791594,2575,1,1,1.3304842521311062,estimated,low,0.0,2.0,0.0,2119296.74844179,10596483.74220895,1.2132034268608698,2.204431205339315,-0.9989816048302742,109.1031304017955,0.6610128488303547,0.7176859200139483,0.775241279687047,25,0.6223292472807872,2,7
164,Kunhegyesi,16,Jász-Nagykun-Szolnok,,False,12176.0,1174.9166666666667,0.09649446999561981,243,0.05375005518032932,13.061263408820025,6.530631704410013,19.591895113230038,52946,2845.850421577716,967.5891433364236,458.95818380991955,13.498770112056457,2212,1,1,1.5612802354665762,estimated,low,1.0,2.0,8.21287779237845,2088753.9790226463,10443769.895113232,1.0508901682143634,1.5436619156625426,-0.1508102199010761,109.04667268192635,0.659164918310047,0.6767375918534678,0.841567398306631,26,0.699809353292745,1,7
166,Mezőtúri,16,Jász-Nagykun-Szolnok,,False,15574.0,882.0833333333334,0.05663820041950259,243,0.06875027590164658,16.706317044100118,8.353158522050059,25.059475566150176,52946,3640.0521078885795,1237.6177166821171,458.95818380991955,13.498770112056457,3708,1,0,0.6101210314173663,estimated,low,4.0,7.0,25.68383202773854,2671670.0451132297,13358350.225566149,1.0508901682143634,0.2925381668295257,1.653473713751443,108.99861225523283,0.657591841510066,0.6626105710407781,0.8604211590397264,27,0.7331888913621238,3,7
094,Berettyóújfalui,09,Hajdú-Bihar,,False,25138.0,1933.0,0.07689553663775957,512,0.0738881361013706,37.83072568390175,18.915362841950873,56.74608852585262,78865,5827.187853634592,1981.2438702357615,649.210676472453,19.0944316609545,3042,1,1,1.0335649016692205,estimated,low,0.0,8.0,0.0,6049880.193688147,30249400.96844073,2.1091678957594175,0.9284339669207485,-0.9989816048302742,108.300184637258,0.6347314476706949,0.7463798001351016,0.7645283718593266,28,0.687184881070741,2,7
051,Sarkadi,04,Békés,,False,12808.0,1022.3333333333333,0.07981990422652509,131,0.0645824929407019,8.460306575231948,4.230153287615974,12.690459862847923,41222,2662.2195240016135,905.1546381605486,317.7914705739654,9.346807958057804,2583,1,1,1.3253978392752281,estimated,low,3.0,8.0,23.422860712054966,1352970.1124344494,6764850.562172246,0.26565163389806595,1.0202324663672317,1.4199756366355087,107.82450863071385,0.6191619876870401,0.5863484369036578,0.8319072385401496,29,0.6920915388922207,2,7
063,Putnoki,05,Borsod-Abaúj-Zemplén,,False,11224.0,1158.3333333333333,0.10320147303397481,493,0.02801657430981978,13.81217113474115,6.906085567370575,20.718256702111727,100996,2829.5619389945587,962.05105925815,488.1381440849142,14.357004237791593,3010,1,1,1.053910553092733,estimated,low,0.0,5.0,0.0,2208838.9548250213,11044194.774125107,1.2132034268608696,1.7542007060216231,-0.9989816048302742,107.79098169004573,0.6180646097366592,0.6745450228353496,0.744968791403355,30,0.5959450889051358,1,7
065,Sátoraljaújhelyi,05,Borsod-Abaúj-Zemplén,,False,12872.0,1268.4166666666667,0.09854076030660866,493,0.032130198192801156,15.84018770905097,7.920093854525485,23.760281563576456,100996,3245.0214966801454,1103.3073088712495,488.13814408491425,14.357004237791594,4231,1,0,0.2775967909643337,estimated,low,0.0,1.0,0.0,2533158.8583845035,12665794.291922519,1.2132034268608698,1.607896788426931,-0.9989816048302742,107.34794460545378,0.6035634617600285,0.6605262429540578,0.7583494585226238,31,0.5168082883916115,1,7
053,Szeghalmi,04,Békés,,False,16695.0,898.75,0.0538334830787661,131,0.08418212989108512,11.027859015732151,5.5139295078660755,16.54178852359823,41222,3470.1557583703107,1179.8529578459056,317.7914705739654,9.346807958057806,3457,1,0,0.7697072347705426,estimated,low,6.0,8.0,35.93890386343217,1763572.4568311316,8817862.284155658,0.26565163389806595,0.20449559508161905,2.712549314450199,107.17222862865943,0.5978120620014734,0.583946949885212,0.7980877070728521,32,0.706915131175217,2,7
168,Tiszafüredi,16,Jász-Nagykun-Szolnok,,False,11134.0,831.6666666666666,0.07469612598048021,243,0.04915022292853044,11.943504171632897,5.971752085816449,17.915256257449347,52946,2602.3077031739726,884.7846190791507,458.95818380991955,13.498770112056457,3676,1,0,0.6304666828408788,estimated,low,1.0,3.0,8.981498113885396,1910002.20125149,9550011.00625745,1.0508901682143634,0.8593925103061651,-0.07143222608966751,107.00966248328434,0.5924910723776686,0.6158237954429318,0.8063661350089576,33,0.6141981433665673,0,7
060,Mezőkövesdi,05,Borsod-Abaúj-Zemplén,,False,24624.0,1749.0833333333335,0.07103164933939789,493,0.06146472966901303,30.302111726823423,15.151055863411711,45.45316759023513,100996,6207.69183765164,2110.615224801558,488.13814408491425,14.357004237791593,4132,1,0,0.3405411500558255,estimated,low,2.0,8.0,8.122157244964262,4845906.13182567,24229530.65912835,1.2132034268608698,0.7443613294791164,-0.16017923454941693,106.98620361719287,0.5917232348751496,0.6269476575941002,0.8215233144815666,34,0.5939817513893003,0,7
165,Kunszentmártoni,16,Jász-Nagykun-Szolnok,,False,19855.0,1182.8333333333335,0.05957357508604047,243,0.0876484350858606,21.298569725864123,10.649284862932062,31.947854588796183,52946,4640.634044055975,1577.8155749790317,458.9581838099195,13.498770112056455,3162,1,0,0.9572687088310485,estimated,low,3.0,9.0,15.109544195416772,3406061.945917759,17030309.729588795,1.0508901682143632,0.38468218823661177,0.5614316084003351,106.92253923221126,0.5896394213535122,0.6074315231806903,0.809984956469466,35,0.6966016564020557,0,7
030,Sellyei,02,Baranya,,False,8270.0,865.8333333333334,0.104695687222894,135,0.0361275779669828,4.877223025542678,2.438611512771339,7.315834538314017,46670,1686.0740637190872,573.2651816644897,289.2650524962503,8.50779566165442,2100,1,1,1.63249001544887,estimated,low,1.0,6.0,12.091898428053204,779964.2869390287,3899821.4346951433,0.10697369766816855,1.8011054183161297,0.24978922744275062,106.80918700627025,0.5859292637639618,0.5658474534865522,0.8004803163029404,36,0.6175428535343626,1,7
102,Püspökladányi,09,Hajdú-Bihar,,False,23029.0,1184.3333333333333,0.051427909736998276,512,0.06768915133576511,34.65684548391174,17.32842274195587,51.98526822586761,78865,5338.304920095115,1815.0236728323393,649.210676472453,19.0944316609545,2983,1,1,1.0710771964813217,estimated,low,1.0,9.0,4.342350948803682,5542314.065575794,27711570.327878974,2.1091678957594175,0.12898250844671755,-0.5505324848989739,106.65200820091742,0.5807846083965433,0.696061803959365,0.7531844133471707,37,0.7330085582145776,1,7
119,Rétsági,12,Nógrád,,False,15919.0,699.1666666666666,0.04392026299809452,110,0.1370933016414337,15.080263180557708,7.540131590278854,22.620394770836562,26042,3570.1837613462167,1213.8624788577138,422.3945933492052,12.42337039262368,4082,1,0,0.37233123040506383,estimated,low,4.0,6.0,25.127206482819272,2411631.9177689934,12058159.588844968,0.8475055350769237,-0.10668919973842929,1.5959891302405003,106.465972465772,0.5746954302710378,0.5867195071048151,0.7849343378304419,38,0.6778978883213479,1,7
142,Fonyódi,14,Somogy,,False,20632.0,1057.4166666666667,0.051251292490629444,248,0.11058050477277721,27.42396518364875,13.711982591824375,41.13594777547313,39313,4347.251384132191,1478.065470604945,630.8345839798541,18.553958352348644,4576,1,0,0.05824523655458941,estimated,low,1.0,4.0,4.846839860411012,4385633.656177812,21928168.28088906,2.006951051543242,0.12343833600570346,-0.49843222605468696,106.45825917155025,0.5744429646766511,0.6813620071875652,0.7491109961329455,39,0.6138358924936761,0,7
174,Tamási,17,Tolna,,False,21112.0,1115.3333333333333,0.05282935455349248,109,0.16121445370964294,17.57237545435108,8.78618772717554,26.35856318152662,29011,4676.992516570451,1590.1774556339533,375.71955465168384,11.05057513681423,3095,1,1,0.9998674164990279,estimated,low,5.0,13.0,23.68321333838575,2810169.889565961,14050849.447829803,0.5878760648154925,0.17297510763481364,1.446863123972756,106.21565328529606,0.5665021760182615,0.5610315581680106,0.7858076401994242,40,0.7041449873285909,1,7
118,Pásztói,12,Nógrád,,False,18566.0,1500.25,0.08080631261445653,110,0.15988907835133226,17.58779861864655,8.793899309323274,26.381697927969824,26042,4163.831378425395,1415.7026686646345,422.3945933492051,12.423370392623678,3480,1,0,0.755083797809893,estimated,low,1.0,5.0,5.386189809328881,2812636.3581443015,14063181.790721506,0.8475055350769231,1.0511967029431666,-0.44273175117854974,105.83012695076607,0.5538834255336234,0.5781713811519377,0.7411436073967514,41,0.5739056004144542,0,7
061,Miskolci,05,Borsod-Abaúj-Zemplén,,False,144969.0,7186.500000000001,0.04957266725989695,493,0.36186161449752885,178.39777594728173,89.19888797364086,267.5966639209226,100996,36546.57561779243,12425.835710049427,488.13814408491425,14.357004237791593,5214,0,0,-0.3473961887016913,estimated,low,19.0,21.0,13.106250301788657,28529327.730045307,142646638.65022653,1.2132034268608698,0.07074479709963907,0.35454474132000885,105.82877370086165,0.5538391320020073,0.592571702655463,0.8010485609950864,42,0.5534899078757104,0,7
100,Hajdúszoboszlói,09,Hajdú-Bihar,,False,26732.0,1474.25,0.05514925931467904,512,0.0785733811067642,40.229571126663274,20.114785563331637,60.34435668999491,78865,6196.689700984959,2106.874498334886,649.210676472453,19.0944316609545,4627,1,0,0.025819354598366342,estimated,low,0.0,0.0,0.0,6433502.957183209,32167514.785916045,2.1091678957594175,0.24579898133448685,-0.9989816048302742,105.74648982346976,0.5511458796228083,0.680970002779479,0.7117414307205046,43,0.5748100969527599,0,7
096,Derecskei,09,Hajdú-Bihar,,False,26369.0,1386.1666666666667,0.052568040754926874,512,0.07750641502335275,39.683284491956606,19.841642245978303,59.524926737934905,78865,6112.543420816714,2078.2647630776833,649.210676472453,19.094431660954495,2801,1,1,1.186793088952549,estimated,low,0.0,1.0,0.0,6346140.935132577,31730704.675662886,2.1091678957594175,0.16477223509405012,-0.9989816048302742,105.42972589002363,0.5407778069889054,0.6732060540164064,0.703295520138293,44,0.7031435400016198,1,7
146,Siófoki,14,Somogy,,False,31774.0,1242.4166666666667,0.039101676423071274,248,0.1702978363052648,42.23386340370567,21.116931701852835,63.350795105558504,39313,6694.918838668875,2276.2724051474174,630.834583979854,18.553958352348644,5719,0,0,-0.6684760002289981,estimated,low,2.0,3.0,6.294454585510165,6754028.877054759,33770144.3852738,2.006951051543241,-0.2579489178188196,-0.34893220702717015,105.33278268403883,0.5376047367782946,0.6535803382195482,0.7052604504685028,45,0.5363078982577485,1,7
172,Paksi,17,Tolna,,False,29401.0,1135.75,0.038629638447671845,109,0.224510522618284,24.471646965392956,12.235823482696478,36.70747044808944,29011,6513.274771679037,2214.513422370873,375.71955465168384,11.05057513681423,5166,0,0,-0.3168777115664225,estimated,low,8.0,10.0,27.209958844937248,3913499.6647939,19567498.3239695,0.5878760648154925,-0.2727666096814612,1.811081939375138,105.13553979779495,0.531148734831201,0.5396688601383337,0.7252566821089654,46,0.5770030317386102,0,7
049,Mezőkovácsházai,04,Békés,,False,20898.0,1539.5,0.07366733658723323,131,0.10537515127067366,13.80414481645825,6.902072408229125,20.706217224687375,41222,4343.77448567971,1476.8833251311014,317.79147057396534,9.346807958057804,2782,1,1,1.1988733194852597,estimated,low,3.0,11.0,14.35544071202986,2207555.388011799,11037776.940058997,0.2656516338980656,0.8270978962811212,0.4835528170614738,105.09320739780321,0.529763143381105,0.5129554824396024,0.7756510140176994,47,0.6168493070238075,0,7
058,Kazincbarcikai,05,Borsod-Abaúj-Zemplén,,False,38333.0,2609.75,0.06808102679153732,493,0.09568418950626528,47.172305426588785,23.586152713294393,70.75845813988317,100996,9663.72040337477,3285.664937147422,488.13814408491425,14.357004237791593,4287,1,0,0.2419919009731868,estimated,low,1.0,6.0,2.608718336681189,7543783.290743722,37718916.45371861,1.2132034268608698,0.6517386635163535,-0.7295705286583618,105.04510834142812,0.528188802184196,0.5846986598422813,0.7350663799523274,48,0.5363489812629798,0,7
099,Hajdúnánási,09,Hajdú-Bihar,,False,18062.0,871.5833333333333,0.04825508433912818,512,0.0530896457261101,27.18189861176837,13.590949305884186,40.772847917652555,78865,4186.914910189673,1423.5510694644888,649.210676472453,19.0944316609545,4065,1,0,0.3831398577238048,estimated,low,0.0,0.0,0.0,4346922.430519345,21734612.152596727,2.1091678957594175,0.029384697402341377,-0.9989816048302742,104.89379003561122,0.5232359681652449,0.6602332770684363,0.684292221328317,49,0.6161677618318122,0,7
143,Kaposvári,14,Somogy,,False,68175.0,2725.1666666666665,0.039973108421953306,248,0.36539481935266027,90.61791519945974,45.30895759972987,135.92687279918962,39313,14364.766533211134,4884.020621291786,630.834583979854,18.553958352348644,4491,1,0,0.11228837314829451,estimated,low,3.0,9.0,4.400440044004401,14491594.344218802,72457971.72109401,2.006951051543241,-0.23059389235131697,-0.5445334295652394,104.88784705146526,0.5230414469941724,0.6447366417844699,0.6743419576926873,50,0.6162338691860283,0,7
162,Jászberényi,16,Jász-Nagykun-Szolnok,,False,31804.0,1288.5833333333333,0.040516392068083676,243,0.1403964154858076,34.11632896305125,17.058164481525626,51.17449344457688,52946,7433.42861431157,2527.3657288659338,458.95818380991955,13.498770112056459,4604,1,0,0.04044279155901596,estimated,low,5.0,5.0,15.721292919129668,5455874.798688916,27279373.993444577,1.0508901682143634,-0.21353973552090455,0.6246089471282711,104.75012103013671,0.5185335051424033,0.553813185571745,0.7443497037650699,51,0.6007773865785807,0,7
097,Hajdúböszörményi,09,Hajdú-Bihar,,False,24720.0,1057.5,0.042779126213592235,512,0.07265950849016951,37.20166834696679,18.600834173483396,55.80250252045019,78865,5730.292137077218,1948.2993266062545,649.210676472453,19.0944316609545,4472,1,0,0.12436860368100507,estimated,low,0.0,0.0,0.0,5949281.501629842,29746407.50814921,2.1091678957594175,-0.1425104982930051,-0.9989816048302742,104.20118435996497,0.5005661336495835,0.6437623516774947,0.6547315342905765,52,0.5863875179180301,0,7
177,Körmendi,18,Vas,,False,16073.0,452.5,0.028152802837055933,137,0.09854267444070457,13.500346398376525,6.7501731991882625,20.25051959756479,33220,3273.5876449202055,1113.01979927287,412.4021673690548,12.129475510854553,4754,0,0,-0.054927449488698946,estimated,low,4.0,7.0,24.88645554656878,2158972.0209417744,10794860.10470887,0.7919227581527176,-0.6016437972473425,1.571125975060951,104.13198771641245,0.4983012425094538,0.5284708132916222,0.6761902483229305,53,0.619900492430192,1,7
052,Szarvasi,04,Békés,,False,15413.0,502.1666666666667,0.032580721901425205,131,0.07771782977006858,10.181035699878985,5.090517849939492,15.271553549818478,41222,3203.684378781767,1089.252688785801,317.7914705739654,9.346807958057804,4149,1,0,0.3297325227370845,estimated,low,5.0,6.0,32.44014792707455,1628148.6838657223,8140743.419328611,0.26565163389806595,-0.46264747977305265,2.351221075666033,103.8864778299445,0.49026540235698285,0.49884292134622893,0.6918139865954069,54,0.6398898122249341,0,7
033,Szigetvári,02,Baranya,,False,14972.0,1651.0,0.11027250868287469,135,0.0654053322033454,8.82971984745163,4.414859923725815,13.244579771177445,46670,3052.46685393013,1037.8387303362442,289.2650524962503,8.50779566165442,3416,1,0,0.795775100656918,estimated,low,0.0,1.0,0.0,1412046.5905745027,7060232.952872514,0.10697369766816855,1.9761668037841869,-0.9989816048302742,103.77380916524388,0.48657761856647264,0.5094271164203491,0.6465667552929003,55,0.4437334332080277,0,7
116,Balassagyarmati,12,Nógrád,,False,23194.0,1474.0833333333333,0.06355451122416717,110,0.19974508689436607,21.971959558380266,10.985979779190133,32.9579393375704,26042,5201.761552903081,1768.5989279870475,422.3945933492052,12.42337039262368,4271,1,0,0.25216472668494305,estimated,low,1.0,3.0,4.311459860308701,3513750.2795862826,17568751.39793141,0.8475055350769237,0.5096473141244199,-0.5537227110259318,103.70055476161136,0.4841799119546359,0.5197747940760749,0.687339807335142,56,0.5130704369491679,0,7
026,Komlói,02,Baranya,,False,20141.0,1099.5,0.054590139516409314,135,0.08798616056021773,11.878131675629394,5.939065837814697,17.817197513444093,46670,4106.314113345361,1396.146798537423,289.26505249625035,8.50779566165442,4716,0,0,-0.030766988423277835,estimated,low,4.0,4.0,19.859987091008392,1899547.8480337337,9497739.240168668,0.10697369766816887,0.2282477136042738,1.0520257498984713,103.57899667411266,0.48020116643675587,0.4621586617783077,0.74218439241184,57,0.5080100953509832,0,7
095,Debreceni,09,Hajdú-Bihar,,False,143854.0,4616.75,0.03209330293213953,512,0.42283013488450016,216.48902906086408,108.24451453043204,324.7335435912961,78865,33346.49858766611,11337.809519806478,649.2106764724529,19.094431660954495,6096,0,0,-0.9081732060622549,estimated,low,1.0,1.0,0.6951492485436623,34620871.40515612,173104357.02578062,2.109167895759417,-0.47794799471312716,-0.927191214692371,103.02755816818735,0.46215190678662976,0.6158287472492672,0.6226556167997057,58,0.46467830112950737,0,7
068,Tiszaújvárosi,05,Borsod-Abaúj-Zemplén,,False,20036.0,1116.1666666666667,0.05570805882744394,493,0.05001248065498477,24.656152962907495,12.328076481453747,36.98422944436124,100996,5051.060496230843,1717.3605687184865,488.13814408491425,14.357004237791594,5191,0,0,-0.3327727517410417,estimated,low,0.0,2.0,0.0,3943005.8177899257,19715029.08894963,1.2132034268608698,0.26334019501785216,-0.9989816048302742,102.86864759084118,0.4569505683946729,0.5316913953927019,0.6633329644727437,59,0.449023879570111,0,7
032,Szentlőrinci,02,Baranya,,False,9048.0,579.0,0.06399204244031831,135,0.0395262787720992,5.336047634233393,2.6680238171166963,8.00407145135009,46670,1844.6914302938699,627.1950862999158,289.2650524962503,8.50779566165442,3654,1,0,0.6444543181945437,estimated,low,1.0,2.0,11.052166224580017,853339.4036546956,4266697.018273477,0.10697369766816855,0.5233818081250954,0.1424126019444732,102.5865149518381,0.4477160205667204,0.4371228102431996,0.7111043985129935,60,0.5188494474798491,0,7
167,Szolnoki,16,Jász-Nagykun-Szolnok,,False,70268.0,2860.1666666666665,0.040703686837061916,243,0.31019291043128944,75.37687723480333,37.688438617401665,113.065315852205,52946,16423.47383569505,5583.981104136318,458.9581838099195,13.498770112056455,5544,0,0,-0.5572107190066641,estimated,low,4.0,9.0,5.692491603574885,12054251.36317044,60271256.815852195,1.0508901682143632,-0.20766038614894816,-0.41109893944074183,102.2010997346371,0.43510090708874916,0.49367023054426146,0.6383810409644609,61,0.4546340515567214,0,7
025,Hegyháti,02,Baranya,,False,7102.0,646.0,0.09096029287524642,135,0.03102515824927592,4.188396363652249,2.0941981818261244,6.282594545478373,46670,1447.944135493707,492.30100606786044,289.26505249625023,8.50779566165442,2863,1,1,1.1473733893194935,estimated,low,0.0,3.0,0.0,669807.2993761767,3349036.4968808834,0.10697369766816825,1.3699391739412137,-0.9989816048302742,102.1362966731747,0.4329798232872194,0.45133863977224203,0.6059163244737008,62,0.47474217863999735,0,7
176,Celldömölki,18,Vas,,False,14588.0,452.0833333333333,0.030990083173384517,137,0.08943822153555642,12.253036350371229,6.126518175185614,18.37955452555684,33220,2971.137719411184,1010.1868245998027,412.4021673690548,12.129475510854553,4304,1,0,0.23118327365444577,estimated,low,2.0,5.0,13.709898546750754,1959502.5098922793,9797512.549461396,0.7919227581527176,-0.5125790441073563,0.4168855164883322,102.10812753877703,0.43205781291725126,0.46935105721610304,0.6459955198392168,63,0.5783536024430282,0,7
173,Szekszárdi,17,Tolna,,False,33581.0,1333.3333333333333,0.039704991910107894,109,0.25642964048993555,27.950830813402973,13.975415406701487,41.92624622010446,29011,7439.28030025352,2529.355302086197,375.71955465168384,11.05057513681423,5440,0,0,-0.49108735188024843,estimated,low,4.0,5.0,11.91149757303237,4469889.8759717,22349449.3798585,0.5878760648154925,-0.23901030811204013,0.23115862719353886,101.99416997068084,0.42832784173539923,0.45029877217968767,0.6556855872210741,64,0.46024934824819014,0,7
175,Tolnai,17,Tolna,,False,10827.0,488.6666666666667,0.0451340783842862,109,0.08267662420965821,9.011752038852745,4.505876019426372,13.517628058279117,29011,2398.531544946394,815.5007252817741,375.71955465168384,11.05057513681423,4696,0,0,-0.018050956283582515,estimated,low,1.0,1.0,9.236168837166343,1441157.1331153212,7205785.665576607,0.5878760648154925,-0.06858645523889553,-0.04513152790241656,101.97442674502909,0.42768162170852325,0.45043442176822934,0.664867225141538,65,0.4943654780699874,0,7
107,Hatvani,10,Heves,,False,33341.0,1737.5,0.05211301400677844,75,0.18165918402929127,13.624438802196845,6.812219401098423,20.436658203295266,41188,7482.178471798448,2543.9406804114724,182.09187141885988,5.355643277025291,4995,0,0,-0.20815563677202756,estimated,low,9.0,10.0,26.993791427971566,2178816.847137619,10894084.235688096,-0.48917612900209734,0.15048854078403615,1.788757606533549,101.95561903966487,0.4270660224097903,0.39744595120176984,0.6824588845057618,66,0.44874116594199104,0,7
171,Dombóvári,17,Tolna,,False,18205.0,950.5833333333334,0.05221550855991944,109,0.13901615809890344,15.152761232780476,7.576380616390238,22.729141849170713,29011,4032.9977626072878,1371.219239286478,375.71955465168384,11.05057513681423,4193,1,0,0.3017572520297548,estimated,low,1.0,4.0,5.492996429552321,2423225.7881559455,12116128.940779727,0.5878760648154925,0.15370593596237397,-0.4317014739377768,101.79663414765164,0.4218622516074978,0.4490762245957089,0.6466415243313406,67,0.49902241351468735,0,7
109,Pétervásárai,10,Heves,,False,11356.0,1002.75,0.08830133849947165,75,0.06187341992851539,4.640506494638654,2.320253247319327,6.960759741957981,41188,2548.442420015692,866.4704228053353,182.09187141885985,5.3556432770252895,3337,1,0,0.8460034276087145,estimated,low,1.0,5.0,8.805917576611483,742108.6384959898,3710543.1924799494,-0.4891761290020975,1.286472231300182,-0.08956501598755531,101.69856104923424,0.41865219862968156,0.39620064423287393,0.6584969030664279,68,0.44267221078362323,0,7
031,Siklósi,02,Baranya,,False,21306.0,1813.1666666666667,0.08510122344253575,135,0.09307547474782776,12.565189090956748,6.282594545478374,18.84778363643512,46670,4343.832406481121,1476.9030182035813,289.2650524962503,8.50779566165442,3512,1,0,0.7347381463863805,estimated,low,0.0,1.0,0.0,2009421.8981285305,10047109.490642652,0.10697369766816855,1.1860177735872162,-0.9989816048302742,101.61120318463986,0.415792868416789,0.4337153685064344,0.6043372023818425,69,0.43819563641343245,0,7
050,Orosházi,04,Békés,,False,28194.0,1139.25,0.04040753351776974,131,0.14216417910447762,18.623507462686568,9.311753731343284,27.935261194029852,41222,5860.291791044777,1992.4992089552243,317.79147057396534,9.346807958057804,4178,1,0,0.31129427613452626,estimated,low,4.0,5.0,14.187415762218912,2978266.6575559704,14891333.287779853,0.2656516338980656,-0.216956902230428,0.4662003179757009,101.34878845413525,0.4072037119541874,0.4118975023897607,0.6560026079440608,70,0.5275462126952941,0,7
108,Hevesi,10,Heves,,False,20757.0,1966.6666666666667,0.09474715357068299,75,0.11309497864179234,8.482123398134426,4.241061699067213,12.72318509720164,41188,4658.155980298143,1583.7730333013687,182.09187141885988,5.35564327702529,2440,1,1,1.4163174690740497,estimated,low,1.0,8.0,4.817651876475407,1356459.053298808,6782295.266494039,-0.48917612900209734,1.4888120990787441,-0.5014465668720954,101.18221469238675,0.40175154812378544,0.3914470066271338,0.6228589885842633,71,0.4595932153931826,0,7
112,Komáromi,11,Komárom-Esztergom,,False,25905.0,533.9166666666666,0.02061056424113749,120,0.1307356117649434,15.688273411793206,7.844136705896603,23.53241011768981,43598,5699.811201728002,1937.9358085875208,275.2419835772283,8.095352458153775,5592,0,0,-0.5877291961419329,estimated,low,8.0,9.0,30.882069098629607,2508864.7619456165,12544323.809728084,0.028970506744653474,-0.8384013745890259,2.19031305887107,101.01420643175668,0.3962524313829443,0.41352901661700925,0.547515723928784,72,0.4919250763607437,0,7
084,Sárbogárdi,07,Fejér,,False,17049.0,736.5833333333334,0.043203902477173636,127,0.06242219651147464,7.9276189569572795,3.9638094784786397,11.89142843543592,61742,3854.0712570114674,1310.384227383899,205.69466489585696,6.049843085172262,3015,1,1,1.0507315450578092,estimated,low,4.0,11.0,23.461786615050737,1267782.8416918688,6338914.208459345,-0.3578858089911118,-0.12917639359732377,1.423995644955148,100.90796285102245,0.39277494848280925,0.3713895168025765,0.6443027488089292,73,0.578539643905193,0,7
045,Békési,04,Békés,,False,20974.0,1423.0833333333333,0.06784987762626744,131,0.10575837031060911,13.854346510689794,6.927173255344897,20.78151976603469,41222,4359.571540943929,1482.254323920936,317.79147057396534,9.346807958057804,4196,1,0,0.2998498472088005,estimated,low,0.0,6.0,0.0,2215583.630402884,11077918.152014421,0.2656516338980656,0.644482685642163,-0.9989816048302742,100.62617054598006,0.38355154020343435,0.40856105652946456,0.5844606012028843,74,0.41585331911501594,0,7
158,Tiszavasvári,15,Szabolcs-Szatmár-Bereg,,False,16286.0,1318.1666666666667,0.08093863850341808,112,0.047114572364233887,5.276832104794195,2.6384160523970976,7.915248157191293,85988,4051.2878484557436,1377.437868474953,130.2507326603712,3.8309039017756232,3155,1,0,0.9617193200799419,estimated,low,2.0,3.0,12.280486307257766,843869.6709906615,4219348.354953308,-0.7775419829832858,1.055350530283908,0.2692653290881728,100.51611368359272,0.3799492439108059,0.34650067931603196,0.6089758735266763,75,0.4375613098135128,0,7
037,Kalocsai,03,Bács-Kiskun,,False,28910.0,1466.3333333333333,0.050720627233944424,127,0.0913358860623523,11.599657529918742,5.799828764959371,17.399486294878113,71938,6570.520971553499,2233.97713032819,176.5409102282521,5.192379712595651,4098,1,0,0.36215840469330757,estimated,low,6.0,9.0,20.75406433759945,1855014.3322702227,9275071.661351115,-0.5200532991893347,0.10678028164235587,1.1443601003716455,100.51268620306644,0.3798370582630865,0.3502851083805117,0.6157948098324277,76,0.4718256107222738,0,7
182,Vasvári,18,Vas,,False,8446.0,391.9166666666667,0.04640263635646066,137,0.05178195908207496,7.09412839424427,3.547064197122135,10.641192591366405,33220,1720.1966807065303,584.8668714402204,412.4021673690548,12.129475510854551,3280,1,0,0.8822441192068462,estimated,low,0.0,2.0,0.0,1134491.239275445,5672456.196377225,0.7919227581527176,-0.028765292279129856,-0.9989816048302742,100.33092319731261,0.3738877318189109,0.4327211683514892,0.5533327551194361,77,0.532420198208235,0,7
043,Kunszentmiklósi,03,Bács-Kiskun,,False,18460.0,875.1666666666666,0.04740881184543156,127,0.05832101199277148,7.406768523081978,3.703384261540989,11.110152784622967,71938,4195.496960735994,1426.4689666502381,176.54091022825213,5.192379712595651,3387,1,0,0.8142133472594761,estimated,low,4.0,6.0,21.668472372697725,1184488.5705191393,5922442.852595695,-0.5200532991893346,0.0028194511786347447,1.238794079437963,100.31609559770078,0.3734024062703567,0.34585871744485097,0.6237143463840198,78,0.5218197263187873,0,7
180,Szentgotthárdi,18,Vas,,False,9280.0,194.66666666666669,0.020977011494252875,137,0.056895166976279374,7.794637875750274,3.897318937875137,11.69195681362541,33220,1890.0574469520009,642.6195319636803,412.4021673690547,12.129475510854553,5014,0,0,-0.2202358673047381,estimated,low,1.0,3.0,10.775862068965518,1246516.5404305148,6232582.702152574,0.7919227581527173,-0.8268982694077519,0.11387774677510468,100.11535668423382,0.3668319750579592,0.42147281985525975,0.5276092151344498,79,0.5060145033151711,0,7
178,Kőszegi,18,Vas,,False,17100.0,312.9166666666667,0.018299220272904485,137,0.10483915466534238,14.362964189151906,7.181482094575953,21.544446283727858,33220,3482.7567179826738,1184.1372841141092,412.4021673690548,12.129475510854553,5564,0,0,-0.5699267511463594,estimated,low,2.0,3.0,11.695906432748538,2296921.6423881254,11484608.21194063,0.7919227581527176,-0.9109565173842029,0.20889380837416038,99.98225774687809,0.36247548334822943,0.41898760381584826,0.5228479227665741,80,0.47165503664802705,0,7
179,Sárvári,18,Vas,,False,24873.0,612.25,0.024615044425682468,137,0.15249498795269362,20.891813349519026,10.445906674759513,31.33772002427854,33220,5065.883499788482,1722.4003899280842,412.4021673690548,12.129475510854551,4793,0,0,-0.07972371216110481,estimated,low,2.0,5.0,8.040847505327061,3341013.5679017454,16705067.839508727,0.7919227581527176,-0.7126971801448571,-0.16857636357285327,99.90916288383521,0.36008299869586075,0.4158599377851752,0.5496451461435626,81,0.5011050448202833,0,7
150,Fehérgyarmati,15,Szabolcs-Szatmár-Bereg,,False,22525.0,2186.5833333333335,0.09707362190159083,112,0.06516368307161785,7.298332504021199,3.6491662520105996,10.947498756031798,85988,5603.294779962276,1905.1202251871741,130.2507326603712,3.8309039017756232,2755,1,1,1.2160399628738483,estimated,low,1.0,3.0,4.439511653718091,1167147.5094599442,5835737.547299721,-0.7775419829832858,1.5618420090693887,-0.5404983736250394,99.88365874558802,0.3592482169234059,0.34756951425815047,0.5471747771134965,82,0.4001117067606884,0,7
194,Lenti,20,Zala,,False,11146.0,478.0833333333333,0.04289281655601412,44,0.06697633054315365,2.9469585438987607,1.4734792719493803,4.420437815848141,32225,2158.3122517531265,733.8261655960631,136.53995345228861,4.015880983890841,4223,1,0,0.2826832038202118,estimated,low,3.0,6.0,26.915485375919612,471276.87360065384,2356384.368003269,-0.7425582506045184,-0.13894165733197827,1.7806706783828736,99.66582839112147,0.35211836185307743,0.32654698347575095,0.5969290860531818,83,0.4655174678756457,0,7
170,Bonyhádi,17,Tolna,,False,17830.0,567.25,0.03181435782389232,109,0.13615260087357586,14.84063349521977,7.420316747609885,22.260950242829654,29011,3949.9231039433093,1342.9738553407253,375.7195546516839,11.05057513681423,4996,0,0,-0.20879143837901232,estimated,low,1.0,2.0,5.608524957936063,2373310.398397172,11866551.99198586,0.5878760648154928,-0.4867043297454958,-0.4197704560418325,99.45015098559819,0.34505897544620484,0.3884116991104659,0.5569007336338052,84,0.44533075303243774,0,7
105,Füzesabonyi,10,Heves,,False,18240.0,863.6666666666666,0.047350146198830406,75,0.09938104785982042,7.453578589486532,3.726789294743266,11.180367884229797,41188,4093.3065992502834,1391.7242437450964,182.09187141885988,5.35564327702529,3250,1,0,0.9013181674163891,estimated,low,3.0,6.0,16.44736842105263,1191974.4246360387,5959872.123180194,-0.48917612900209734,0.000977884356552368,0.6995931949884617,99.41905471440805,0.3440411562935149,0.319280324979829,0.6177687124472505,85,0.5014216244149965,0,7
149,Csengeri,15,Szabolcs-Szatmár-Bereg,,False,7856.0,826.9166666666667,0.10525924983027836,112,0.022727009731881458,2.545425089970723,1.2727125449853616,3.8181376349560847,85988,1954.2501128250228,664.4450383605079,130.2507326603712,3.8309039017756232,3030,1,1,1.0411945209530376,estimated,low,0.0,2.0,0.0,407063.74403184553,2035318.720159228,-0.7775419829832858,1.8187961497757374,-0.9989816048302742,99.23965680678637,0.33816924241633706,0.3453175125934407,0.49659202722789303,86,0.34976702134624804,0,7
079,Enyingi,07,Fejér,,False,12936.0,548.0,0.04236239950525665,127,0.04736310247360173,6.01511401414742,3.00755700707371,9.022671021221129,61742,2924.292672925118,994.2595087945402,205.69466489585696,6.049843085172262,3141,1,0,0.9706205425777287,estimated,low,2.0,5.0,15.460729746444033,961935.5293639519,4809677.646819759,-0.3578858089911118,-0.15559192029051386,0.5976997159640851,99.2385492966814,0.33813299225020793,0.3204264172886129,0.6035267060051501,87,0.5195065733632388,0,7
115,Tatabányai,11,Komárom-Esztergom,,False,56426.0,1187.25,0.02104083224045653,120,0.2847669418818257,34.17203302581909,17.086016512909545,51.258049538728635,43598,12415.269132163838,4221.191504935705,275.2419835772283,8.095352458153775,5955,0,0,-0.8185251794774029,estimated,low,11.0,11.0,19.49455924573778,5464782.978480732,27323914.89240366,0.028970506744653474,-0.8248948794243732,1.014286792927445,99.10844433760914,0.33387449712730427,0.3458923608104371,0.5137859153076149,88,0.4047451130366861,0,7
046,Békéscsabai,04,Békés,,False,46927.0,2219.9166666666665,0.04730574438311988,131,0.23662263009277934,30.997564542154095,15.498782271077047,46.49634681323114,41222,9754.05805768455,3316.379739612747,317.7914705739654,9.346807958057806,5489,0,0,-0.522241630622502,estimated,low,1.0,1.0,2.1309693779700387,4957122.772190147,24785613.86095074,0.26565163389806595,-0.0004159281280970891,-0.7789092630462711,99.0951331967242,0.3334388071356007,0.3596663202809549,0.565406459446769,89,0.3478863801566839,0,7
113,Oroszlányi,11,Komárom-Esztergom,,False,17191.0,405.6666666666667,0.023597618909119114,120,0.08675838262308981,10.411005914770778,5.205502957385389,15.616508872156167,43598,3782.4919656014695,1286.0472683044998,275.2419835772283,8.095352458153775,5662,0,0,-0.6322353086308665,estimated,low,3.0,5.0,17.450991798033854,1664925.4631386641,8324627.31569332,0.028970506744653474,-0.7446350719741486,0.8032407410887383,99.03242682780636,0.33138635065649497,0.34121270511542906,0.5292780600724363,90,0.41502874018258734,0,7
156,Nyírbátori,15,Szabolcs-Szatmár-Bereg,,False,26574.0,2294.5,0.0863437946865357,112,0.0768772348033373,8.610250297973778,4.305125148986889,12.915375446960667,85988,6610.519666269368,2247.5766865315854,130.25073266037123,3.8309039017756232,2715,1,1,1.241472027153239,estimated,low,1.0,4.0,3.763076691502973,1376949.075089392,6884745.37544696,-0.7775419829832856,1.2250231900378539,-0.6103560767615636,98.81841369584635,0.32438143796763336,0.3112010824052857,0.5238049664586094,91,0.39668517115892626,0,7
148,Baktalórántházai,15,Szabolcs-Szatmár-Bereg,,False,11875.0,1169.75,0.09850526315789473,112,0.03435377298448222,3.847622574262009,1.9238112871310045,5.771433861393014,85988,2954.0122313896572,1004.3641586724835,130.25073266037123,3.8309039017756237,2213,1,1,1.5606444338595915,estimated,low,0.0,1.0,0.0,615310.8401703369,3076554.2008516844,-0.7775419829832856,1.606782501358819,-0.9989816048302742,98.72772951824727,0.32141323344427075,0.32500245392754634,0.4999416801500166,92,0.38933724489534444,0,7
181,Szombathelyi,18,Vas,,False,72747.0,1577.5833333333333,0.021685888536067923,137,0.44600783534734867,61.10307344258677,30.551536721293385,91.65461016388015,33220,14816.380290238923,5037.569298681235,412.4021673690548,12.129475510854551,6269,0,0,-1.0181668840706195,estimated,low,3.0,5.0,4.123881397171017,9771588.229170116,48857941.14585058,0.7919227581527176,-0.8046459886135466,-0.5730945668947752,98.5147945631863,0.3144436108096772,0.38333927342217183,0.44838992352622753,93,0.3604131630040143,0,7
048,Gyulai,04,Békés,,False,23274.0,824.0833333333334,0.03540789435994386,131,0.11735578862444535,15.373608309802341,7.6868041549011705,23.06041246470351,41222,4837.640318676886,1644.7977083501412,317.7914705739654,9.346807958057806,5221,0,0,-0.35184679995058465,estimated,low,1.0,2.0,4.296640027498496,2458543.597501513,12292717.987507565,0.26565163389806595,-0.37390002190712995,-0.5552532047745075,98.34033089137256,0.3087332005313875,0.33698846288093715,0.5196358448751807,94,0.3836413351547595,0,7
159,Vásárosnaményi,15,Szabolcs-Szatmár-Bereg,,False,22582.0,2107.75,0.09333761402887256,112,0.06532858118194337,7.316801092377657,3.6584005461888287,10.975201638566485,85988,5617.474038672947,1909.9411731488021,130.2507326603712,3.8309039017756232,2800,1,1,1.1874288905595338,estimated,low,0.0,5.0,0.0,1170101.0014927618,5850505.00746381,-0.7775419829832858,1.4445653992637926,-0.9989816048302742,98.32451409451077,0.30821549734177683,0.3094588793969507,0.47125429548125847,95,0.36122550579078994,0,7
078,Dunaújvárosi,07,Fejér,,False,57292.0,2082.75,0.036353243035676885,127,0.20976552774563934,26.640222023696197,13.320111011848098,39.960333035544295,61742,12951.343214071263,4403.45669278423,205.69466489585696,6.049843085172263,5330,0,0,-0.4211491751119242,estimated,low,8.0,12.0,13.963555121133842,4260297.64597399,21301488.22986995,-0.3578858089911118,-0.3442246862142442,0.44308148012370424,98.23617390724687,0.3053240145012894,0.2932890117389409,0.5641264135086718,96,0.36976798193721055,0,7
154,Mátészalkai,15,Szabolcs-Szatmár-Bereg,,False,39137.0,2865.5833333333335,0.07321928950439056,112,0.11322135690894153,12.680791973801451,6.340395986900726,19.02118796070218,85988,9735.678037886064,3310.130532881262,130.25073266037123,3.8309039017756237,3091,1,1,1.002410622926967,estimated,low,2.0,6.0,5.110253724097401,2027909.0822523346,10139545.411261672,-0.7775419829832856,0.8130332998725371,-0.47122859448722726,98.03778802985036,0.29883060104979453,0.27987911253096115,0.5272802313653127,97,0.38810910654940695,0,7
027,Mohácsi,02,Baranya,,False,20301.0,950.25,0.04680803901285651,135,0.08868512216538306,11.972491492326713,5.986245746163356,17.95873723849007,46670,4138.934651458428,1407.2377814958654,289.26505249625023,8.50779566165442,4308,1,0,0.2286400672265067,estimated,low,0.0,3.0,0.0,1914637.8463300148,9573189.231650073,0.10697369766816825,-0.016039342343243865,-0.9989816048302742,97.83171085166386,0.29208544187594937,0.31853476097374267,0.48767357632273906,98,0.390456983224803,0,7
151,Ibrányi,15,Szabolcs-Szatmár-Bereg,,False,14561.0,940.75,0.06460751322024587,112,0.0421242348149091,4.717914299269819,2.3589571496349095,7.076871448904729,85988,3622.178703264404,1231.5407591098974,130.2507326603712,3.8309039017756232,2812,1,1,1.1797992712757166,estimated,low,1.0,2.0,6.86766018817389,754487.6752606547,3772438.3763032733,-0.7775419829832858,0.5427019832862341,-0.28973534544575963,97.69065525518538,0.28746851893968933,0.2646140072637369,0.5245885459814633,99,0.41624619151970077,0,7
036,Jánoshalmai,03,Bács-Kiskun,,False,9758.0,433.8333333333333,0.04445924711347954,127,0.030828625949375087,3.915235495570636,1.957617747785318,5.872853243355954,71938,2217.749693546145,754.0348958056893,176.5409102282521,5.192379712595651,2306,1,1,1.5015148844100084,estimated,low,1.0,2.0,10.248001639680263,626123.4816427822,3130617.408213911,-0.5200532991893347,-0.08977000900197282,0.0593638330563743,97.61726553191795,0.2850663831499843,0.26785647309074145,0.5293139492108877,100,0.5050609788448552,0,7
019,Budapest 19. ker.,01,főváros,,True,36529.0,656.0,0.017958334473979577,274,0.03301376077969919,9.045770453637578,4.522885226818789,13.568655680456366,210663,6954.7778871337705,2364.624481625482,130.06555493845622,3.825457498189888,7277,0,0,-1.6590549039112636,estimated,low,13.0,13.0,35.5881628295327,1446597.349503108,7232986.747515541,-0.7785720323455707,-0.9216572257849317,2.6763271136584033,97.59181378097956,0.28423331607849556,0.2979770378294008,0.3625131967352848,101,0.2621305121633983,0,7
104,Egri,10,Heves,,False,52355.0,2298.8333333333335,0.043908572883837906,75,0.2852573881963212,21.39430411472409,10.697152057362045,32.09145617208613,41188,11749.181305030077,3994.7216437102265,182.09187141885985,5.35564327702529,5764,0,0,-0.6970870725433126,estimated,low,5.0,7.0,9.550186228631459,3421371.7654506476,17106858.82725324,-0.4891761290020975,-0.10705616282174263,-0.012701900609290917,97.5317897873416,0.2822686570371555,0.2671785442171679,0.5458648235600232,102,0.29489604896418614,0,7
088,Kapuvári,08,Győr-Moson-Sopron,,False,15386.0,222.83333333333334,0.01448286320897786,90,0.04930872917694867,4.43778562592538,2.21889281296269,6.65667843888807,69731,3438.3469942378074,1169.0379780408546,129.06741621373564,3.796100476874577,5138,0,0,-0.2990752665708491,estimated,low,6.0,7.0,38.99649031587157,709689.5678515802,3548447.839257901,-0.7841241697530194,-1.0307553597617236,3.0283165036701476,97.47138483643691,0.2802915287965327,0.30721910943218206,0.2993243869686539,103,0.4462088572684468,0,7
195,Letenyei,20,Zala,,False,9271.0,471.8333333333333,0.05089346708373782,44,0.05570945276023483,2.451215921450333,1.2256079607251664,3.6768238821754995,32225,1795.2371151985674,610.3806191675129,136.53995345228861,4.015880983890842,3619,1,0,0.6667073744390105,estimated,low,1.0,1.0,10.7863229425089,391997.8373543569,1959989.1867717842,-0.7425582506045184,0.11220587824537634,0.11495807620714531,97.42509306360552,0.2787763422099585,0.2529788342479029,0.5505902267894475,104,0.4060104642302484,0,7
024,Bólyi,02,Baranya,,False,7086.0,276.33333333333337,0.038997083450936124,135,0.030955262088759386,4.178960381982517,2.0894801909912584,6.268440572973775,46670,1444.6820816824006,491.19190777201624,289.26505249625023,8.507795661654418,4105,1,0,0.3577077934444142,estimated,low,0.0,0.0,0.0,668298.2995465486,3341491.4977327427,0.10697369766816825,-0.2612321842356478,-0.9989816048302742,96.9823469382561,0.26428471768673134,0.2950404859367584,0.4454440234116813,105,0.40294509233632997,0,7
076,Szentesi,06,Csongrád-Csanád,,False,22922.0,610.3333333333333,0.026626530552889507,130,0.091069094434225,11.83898227644925,5.919491138224625,17.758473414673876,52006,4736.139325146306,1610.287370549744,249.97115717417222,7.352092858063887,4308,1,0,0.2286400672265067,estimated,low,2.0,6.0,8.725242125468982,1893287.085904195,9466435.429520976,-0.11159823096144861,-0.6495548416630617,-0.09789663991465458,96.94780646956549,0.2631541657192228,0.2738204024504115,0.47640139608748583,106,0.433075094808645,0,7
041,Kiskunhalasi,03,Bács-Kiskun,,False,26075.0,924.5,0.03545541706615532,127,0.08237921926931291,10.462160847202739,5.2310804236013695,15.693241270804108,71938,5926.196275795832,2014.9067337705828,176.5409102282521,5.192379712595651,4126,1,0,0.34435595969773414,estimated,low,3.0,5.0,11.505273250239693,1673106.14714445,8365530.735722251,-0.5200532991893347,-0.37240824189404015,0.18920648140917912,96.90694993716492,0.2618168812282454,0.24838470939316257,0.4934008846672629,107,0.41134283886534745,0,7
029,Pécsváradi,02,Baranya,,False,6738.0,252.5,0.03747402790145444,135,0.029435020597524803,3.9737277806658486,1.9868638903329243,5.960591670998773,46670,1373.7324112864826,467.06901983740414,289.2650524962503,8.50779566165442,4132,1,0,0.3405411500558255,estimated,low,0.0,0.0,0.0,635477.5532521374,3177387.7662606863,0.10697369766816855,-0.30904225248875633,-0.9989816048302742,96.81346508349286,0.2587570071368454,0.290459345294943,0.44808785661092887,108,0.40129666337507813,0,7
034,Bácsalmási,03,Bács-Kiskun,,False,10715.0,404.83333333333337,0.03778192564940115,127,0.03385209336416828,4.299215857249371,2.1496079286246856,6.4488237858740565,71938,2435.2518924315377,827.9856434267228,176.5409102282521,5.19237971259565,2871,1,1,1.1422869764636154,estimated,low,1.0,6.0,9.332711152589827,687529.5250873552,3437647.625436776,-0.5200532991893347,-0.2993770683467069,-0.035161279781472064,96.6811031307198,0.2544246378377704,0.2422315789854119,0.48497890017735223,109,0.468164128310215,0,7
106,Gyöngyösi,10,Heves,,False,42501.0,1946.75,0.04580480459283311,75,0.2315676488536309,17.367573664022316,8.683786832011158,26.051360496033475,41188,9537.80832098335,3242.854829134339,182.09187141885985,5.3556432770252895,5104,0,0,-0.27745801193336705,estimated,low,2.0,10.0,4.705771628902849,2777418.0384570328,13887090.192285163,-0.4891761290020975,-0.04753176303105768,-0.5130008145948484,96.56323258205552,0.25056658999547354,0.24355795040283112,0.48402783800839216,110,0.305677532777878,0,7
103,Bélapátfalvai,10,Heves,,False,4986.0,283.5,0.05685920577617329,75,0.027166332490628543,2.0374749367971408,1.0187374683985704,3.056212405195711,41188,1118.9269026240083,380.43514689216283,182.09187141885988,5.355643277025291,3509,1,0,0.7366455512073348,estimated,low,0.0,1.0,0.0,325832.48252386454,1629162.4126193228,-0.48917612900209734,0.2994757215302223,-0.9989816048302742,96.42992005137245,0.2462031071137756,0.2483230981598946,0.47163711295807254,111,0.3633115713270019,0,7
110,Esztergomi,11,Komárom-Esztergom,,False,60005.0,1449.25,0.024152153987167736,120,0.30282919837697075,36.33950380523649,18.169751902618245,54.509255707854734,43598,13202.747390839171,4488.934112885318,275.24198357722827,8.095352458153775,5380,0,0,-0.4529392554611625,estimated,low,3.0,3.0,4.9995833680526625,5811404.363657468,29057021.81828734,0.02897050674465316,-0.7272277226891735,-0.4826578926613925,96.3003116689441,0.24196086555438964,0.2675098396473093,0.41717833611972627,112,0.35119123112587,0,7
155,Nagykállói,15,Szabolcs-Szatmár-Bereg,,False,18933.0,1283.3333333333333,0.06778288350147009,112,0.054772209171806474,6.134487427242325,3.0672437136211625,9.201731140863487,85988,4709.752722265295,1601.3159255702005,130.2507326603712,3.8309039017756232,3195,1,0,0.9362872558005513,estimated,low,0.0,0.0,0.0,981025.6957427359,4905128.478713679,-0.7775419829832858,0.6423796804824308,-0.9989816048302742,96.17735852703709,0.23793645819213122,0.23259378104281278,0.41846735434243626,113,0.3413894539291827,0,7
073,Makói,06,Csongrád-Csanád,,False,26232.0,777.0833333333334,0.029623487851987394,130,0.1042197227640952,13.548563959332377,6.774281979666188,20.322845938998565,52006,5420.050902069535,1842.817306703642,249.97115717417222,7.352092858063888,3522,1,0,0.7283801303165328,estimated,low,1.0,4.0,3.812137846904544,2166682.961235444,10833414.806177218,-0.11159823096144861,-0.5554776866503747,-0.6052893669948854,96.10239348102483,0.23548276015396397,0.25309484694628037,0.4237221223640176,114,0.44271033304740126,0,7
042,Kiskunmajsai,03,Bács-Kiskun,,False,12092.0,410.75,0.03396873966258684,127,0.03820247437793027,4.851714245997145,2.4258571229985724,7.2775713689957175,71938,2748.2096017995477,934.3912646118463,176.54091022825213,5.192379712595651,3404,1,0,0.8034047199407351,estimated,low,1.0,1.0,8.269930532583526,775884.9292913019,3879424.6464565094,-0.5200532991893346,-0.4190763677934219,-0.14491819241728088,96.01525929341757,0.2326307511636101,0.22432882178224797,0.46969610872016343,115,0.4306919255999311,0,7
132,Nagykőrösi,13,Pest,,False,17275.0,732.5,0.04240231548480463,143,0.019892058951887125,2.844564430119859,1.4222822150599295,4.266846645179788,222013,4416.295684085317,1501.5405325890079,64.41064262002675,1.8944306652949041,3923,1,0,0.4734236859156416,estimated,low,3.0,4.0,17.36613603473227,454902.03252366034,2274510.162618302,-1.1437768737547278,-0.15433892219256004,0.7944774023300004,96.00866722275566,0.23241498459357499,0.19966694452662356,0.41287762102864256,116,0.37306134295029136,0,7
074,Mórahalmi,06,Csongrád-Csanád,,False,16660.0,394.33333333333337,0.02366946778711485,130,0.06619017159384821,8.604722307200268,4.302361153600134,12.9070834608004,52006,3442.2860639096702,1170.377261729288,249.97115717417222,7.352092858063887,3822,1,0,0.537639648221103,estimated,low,1.0,1.0,6.002400960384154,1376065.04018689,6880325.20093445,-0.11159823096144861,-0.7423796717938634,-0.37909356263952293,95.94987003681979,0.23049048047525528,0.24844407179447703,0.41169926098282406,117,0.4425013460633363,0,7
134,Ráckevei,13,Pest,,False,24987.0,789.5,0.03159643014367471,143,0.028772380725372134,4.114450443728215,2.0572252218641074,6.171675665592322,222013,6387.842561982044,2171.866471073895,64.41064262002675,1.8944306652949043,4974,0,0,-0.19480380302534747,estimated,low,6.0,7.0,24.012486492976347,657981.8863484052,3289909.431742026,-1.1437768737547278,-0.49354527344514687,1.4808682649975358,95.94137354919748,0.23021237999884436,0.2073960043754521,0.3874980186204814,118,0.34241466436318885,0,7
021,Budapest 21. ker.,01,főváros,,True,46149.0,940.75,0.020385057097661922,274,0.04170801407709868,11.427995857125039,5.713997928562519,17.141993785687557,210663,8786.33536952384,2987.3540256381057,130.0655549384562,3.825457498189888,6865,0,0,-1.39710464183354,estimated,low,10.0,10.0,21.668941905566754,1827562.2404724718,9137811.20236236,-0.7785720323455708,-0.8454802443812665,1.2388425696692635,95.93830846511204,0.23011205603177817,0.22102049536049595,0.3270008942376998,119,0.2435466244744878,0,7
028,Pécsi,02,Baranya,,False,113947.0,2474.5,0.021716236495914767,135,0.497778612648584,67.20011270755883,33.600056353779415,100.80016906133824,46670,23231.327852309412,7898.651469785201,289.2650524962503,8.50779566165442,6051,0,0,-0.8795621337479405,estimated,low,4.0,4.0,3.5104039597356667,10746625.224164631,53733126.12082316,0.10697369766816855,-0.8036933391634895,-0.6364504356762669,95.92444757462775,0.22965837206041093,0.264311253448601,0.38819785682028224,120,0.30104866329026153,0,7
085,Székesfehérvári,07,Fejér,,False,97832.0,1907.2500000000002,0.019495154959522448,127,0.35819627714884084,45.490927197902785,22.745463598951392,68.23639079685418,61742,22115.75454372373,7519.356544866069,205.69466489585696,6.049843085172262,6112,0,0,-0.9183460317740112,estimated,low,12.0,13.0,12.26592525962875,7274897.704756814,36374488.52378407,-0.3578858089911118,-0.8734150639467869,0.2677615609516271,95.87946505523081,0.22818603894694828,0.23230612391807431,0.425492653194283,121,0.3031973674554032,0,7
081,Martonvásári,07,Fejér,,False,18825.0,414.5,0.02201859229747676,127,0.06892473748187636,8.753441660198298,4.376720830099149,13.130162490297447,61742,4255.55114160601,1446.8873881460433,205.69466489585696,6.049843085172264,4980,0,0,-0.19861861266725606,estimated,low,2.0,4.0,10.624169986719787,1399848.201938497,6999241.0096924845,-0.3578858089911118,-0.794202121647279,0.0982119976024392,95.83407767790138,0.22670045433605396,0.22995840636658485,0.4339624898687954,122,0.37185282320878876,0,7
071,Hódmezővásárhelyi,06,Csongrád-Csanád,,False,32396.0,715.6666666666666,0.022091204675474336,130,0.12870929165391995,16.732207915009592,8.366103957504796,25.098311872514387,52006,6693.6554217537605,2275.8428433962786,249.97115717417222,7.352092858063888,4663,1,0,0.0029304967469147643,estimated,low,2.0,3.0,6.173601679219657,2675810.506716355,13379052.533581777,-0.11159823096144861,-0.7919227545229045,-0.36141309125465276,95.80287840839937,0.22567926392209992,0.2447331861420635,0.4067645044457671,123,0.3913488766265928,0,7
111,Kisbéri,11,Komárom-Esztergom,,False,12618.0,388.0833333333333,0.030756326940349764,120,0.06367967377919535,7.641560853503442,3.820780426751721,11.462341280255163,43598,2776.306417425359,943.9441819246222,275.24198357722827,8.095352458153775,4031,1,0,0.40475711236128686,estimated,low,0.0,3.0,0.0,1222036.5013020572,6110182.506510286,0.02897050674465316,-0.5199168601573253,-0.9989816048302742,95.76428613241941,0.22441609132503465,0.2571108154165835,0.39053962310423107,124,0.3981544936989982,0,7
152,Kemecsei,15,Szabolcs-Szatmár-Bereg,,False,13848.0,868.5,0.06271663778162911,112,0.040061561961188194,4.4868949396530775,2.2434474698265388,6.730342409479617,85988,3444.8135899186505,1171.2366205723413,130.2507326603712,3.8309039017756232,3026,1,1,1.0437377273809767,estimated,low,0.0,1.0,0.0,717543.1170255853,3587715.585127926,-0.7775419829832858,0.4833457215864171,-0.9989816048302742,95.72016289654624,0.22297188361679288,0.21735521395543014,0.4079099661146718,125,0.349968473404681,0,7
082,Móri,07,Fejér,,False,21930.0,519.5833333333334,0.023692810457516342,127,0.08029320015816992,10.19723642008758,5.09861821004379,15.29585463013137,61742,4957.462764165727,1685.5373398163474,205.69466489585696,6.049843085172262,5612,0,0,-0.6004452282816282,estimated,low,2.0,3.0,9.119927040583676,1630739.4989913006,8153697.494956503,-0.3578858089911118,-0.7416469246097669,-0.05713620739316377,95.70113444736752,0.22234905910186417,0.22588874409859744,0.4374975700062507,126,0.3187114054544349,0,7
196,Nagykanizsai,20,Zala,,False,44759.0,2123.8333333333335,0.0474504196548925,44,0.2689568974323537,11.834103487023562,5.917051743511781,17.751155230535343,32225,8667.136019757598,2946.8262467175837,136.5399534522886,4.01588098389084,5086,0,0,-0.2660135830076413,estimated,low,2.0,5.0,4.46837507540383,1892506.8711189362,9462534.355594682,-0.7425582506045186,0.0041255573222136405,-0.5375175514377535,95.57763421609786,0.2183067448327575,0.20437883913732968,0.4532229941710058,127,0.2732601712231888,0,7
039,Kiskőrösi,03,Bács-Kiskun,,False,32467.0,908.6666666666666,0.027987392326567488,127,0.10257358051838092,13.026844725834376,6.513422362917188,19.540267088751563,71938,7378.938235331287,2508.839000012638,176.5409102282521,5.19237971259565,4142,1,0,0.3341831339859779,estimated,low,3.0,7.0,9.24015153848523,2083249.751844252,10416248.759221261,-0.5200532991893347,-0.6068361802821736,-0.04472022100381211,95.55871537145369,0.2176875078088755,0.21221069453332753,0.42867482347030034,128,0.3945608215356737,0,7
160,Záhonyi,15,Szabolcs-Szatmár-Bereg,,False,10728.0,648.6666666666666,0.06046482724335073,112,0.031035560132844232,3.475982734878554,1.737991367439277,5.213974102317831,85988,2668.6857447030097,907.3531531990234,130.25073266037123,3.8309039017756237,2852,1,1,1.154367206996326,estimated,low,0.0,0.0,0.0,555878.2899660947,2779391.4498304734,-0.7775419829832856,0.4126593861045652,-0.9989816048302742,95.51347630119993,0.21620677747073883,0.21058207900438652,0.42181700726455984,129,0.3586570638316378,0,7
020,Budapest 20. ker.,01,főváros,,True,40685.0,800.3333333333334,0.019671459587890707,274,0.036769822807141216,10.074931449156693,5.037465724578347,15.11239717373504,210663,7746.04118202079,2633.6540018870687,130.06555493845622,3.825457498189888,6938,0,0,-1.4435181591434278,estimated,low,8.0,8.0,19.663266560157307,1611180.518616276,8055902.59308138,-0.7785720323455707,-0.8678807048628429,1.0317097620907858,95.51067702781137,0.21611515381428587,0.2067333443148011,0.33864093814207913,130,0.2283508169011828,0,7
010,Budapest 10. ker.,01,főváros,,True,51097.0,1087.0833333333333,0.021274895460268377,274,0.046179860783495015,12.653281854677633,6.326640927338817,18.979922782016452,210663,9728.38801223341,3307.6519241593596,130.06555493845622,3.825457498189888,7159,0,0,-1.584030314287061,estimated,low,9.0,9.0,17.613558525940856,2023509.6708795833,10117548.354397917,-0.7785720323455707,-0.8175474267864473,0.8200295513252972,95.34286731940958,0.21062253593176508,0.19914897097463935,0.34779864997024196,131,0.2008249622462222,0,7
014,Budapest 14. ker.,01,főváros,,True,77374.0,1504.3333333333333,0.019442362206081285,274,0.06992818655228572,19.16032311532629,9.580161557663144,28.74048467298943,210663,14731.281563664166,5008.635731645817,130.06555493845624,3.8254574981898886,7620,0,0,-1.8771348551070384,estimated,low,14.0,14.0,18.093933362628274,3064114.0825222014,15320570.412611008,-0.7785720323455705,-0.8750722754294216,0.869639468922806,95.20707827435693,0.20617799369276174,0.19654476776510035,0.3536126903993565,132,0.1655804991544151,0,7
038,Kecskeméti,03,Bács-Kiskun,,False,102117.0,2872.5,0.02812949851640765,127,0.32262008568070666,40.97275088144975,20.486375440724874,61.459126322174626,71938,23208.643723698675,7890.93886605755,176.54091022825213,5.192379712595651,5262,0,0,-0.3779146658369601,estimated,low,7.0,11.0,6.85488214499055,6552352.077773724,32761760.388868615,-0.5200532991893346,-0.6023753405985788,-0.2910549767440064,95.03217844476124,0.200453307434521,0.19819962435731364,0.41763293187344297,133,0.3069325718111546,0,7
035,Bajai,03,Bács-Kiskun,,False,37770.0,975.0833333333334,0.025816344541523255,127,0.11932744436440838,15.154585434279864,7.577292717139932,22.731878151419796,71938,8584.17769268681,2918.6204155135156,176.5409102282521,5.19237971259565,4489,1,0,0.11355997636226405,estimated,low,3.0,3.0,7.942811755361398,2423517.5140036773,12117587.570018386,-0.5200532991893347,-0.6749873011123025,-0.17870084367873204,95.01769214191069,0.19997915294819016,0.19782742927155597,0.39843822432506,134,0.3640502876024589,0,7
070,Csongrádi,06,Csongrád-Csanád,,False,12805.0,366.25000000000006,0.028602108551347136,130,0.050874258538969166,6.613653610065992,3.306826805032996,9.920480415098988,52006,2645.7666895776306,899.5606744563945,249.97115717417222,7.352092858063887,3940,1,0,0.4626150585969006,estimated,low,0.0,2.0,0.0,1057653.8319083508,5288269.159541755,-0.11159823096144861,-0.587539691278204,-0.9989816048302742,94.9890414169784,0.19904137952846943,0.2269470570874282,0.36889249109500755,135,0.3865717268434914,0,7
114,Tatai,11,Komárom-Esztergom,,False,26003.0,618.25,0.02377610275737415,120,0.131230191573975,15.747622988877,7.8738114944385,23.6214344833155,43598,5721.373892242163,1945.2671233623355,275.24198357722827,8.095352458153773,5957,0,0,-0.8197967826913725,estimated,low,0.0,5.0,0.0,2518355.9314754624,12591779.657377314,0.02897050674465316,-0.739032305239833,-0.9989816048302742,94.95942617359631,0.1980720362351353,0.23611526557961598,0.33775268196540886,136,0.27219295936949045,0,7
072,Kisteleki,06,Csongrád-Csanád,,False,10984.0,309.25,0.028154588492352514,130,0.04363942645779284,5.673125439513069,2.8365627197565346,8.509688159269604,52006,2269.5120123639745,771.6340842037514,249.97115717417222,7.352092858063887,3156,1,0,0.9610835184729571,estimated,low,0.0,1.0,0.0,907244.8020055701,4536224.010027851,-0.11159823096144861,-0.6015877439394804,-0.9989816048302742,94.93829983942467,0.19738054536748284,0.2256009785868866,0.36466953580390177,137,0.4311399690723941,0,7
008,Budapest 08. ker.,01,főváros,,True,52794.0,1273.75,0.02412679471152025,274,0.047713555985749376,13.073514340095329,6.5367571700476645,19.610271510142994,210663,10051.480844625921,3417.5034871728135,130.06555493845622,3.825457498189888,6934,0,0,-1.440974952715489,estimated,low,7.0,7.0,13.259082471492974,2090713.14488946,10453565.7244473,-0.7785720323455707,-0.7280237729054432,0.3703282311413403,94.85260543470086,0.19457566223943998,0.1813685876955093,0.34994601675424625,138,0.19576416946445493,0,7
040,Kiskunfélegyházi,03,Bács-Kiskun,,False,22812.0,720.4166666666667,0.03158060085335204,127,0.07207036433256246,9.152936270235433,4.576468135117716,13.729404405353149,71938,5184.597869355878,1762.7632755809987,176.5409102282521,5.192379712595651,4112,1,0,0.3532571821955208,estimated,low,1.0,1.0,4.38365772400491,1463735.2801019829,7318676.400509913,-0.5200532991893347,-0.49404216894641906,-0.5462665959359241,94.82927254441829,0.19381194807988664,0.19362125463534552,0.378107027392385,139,0.36046028412215714,0,7
153,Kisvárdai,15,Szabolcs-Szatmár-Bereg,,False,34210.0,1774.25,0.051863490207541656,112,0.09896779568834836,11.084393117095017,5.542196558547508,16.626589675642524,85988,8510.042815649698,2893.4145573208975,130.25073266037123,3.830903901775624,3666,1,0,0.6368246989107265,estimated,low,0.0,1.0,0.0,1772613.3761875557,8863066.88093778,-0.7775419829832856,0.1426557668078372,-0.9989816048302742,94.7039331368804,0.1897094353123962,0.18471044570637118,0.3901448425812665,140,0.3167375599283641,0,7
006,Budapest 06. ker.,01,főváros,,True,25878.0,497.3333333333333,0.019218383697864338,274,0.02338772212371145,6.408235861896937,3.2041179309484686,9.612353792845406,210663,4926.9277057474255,1675.155419954125,130.0655549384562,3.8254574981898877,7831,0,0,-2.011288994180824,estimated,low,4.0,4.0,15.457145065306436,1024803.4769755928,5124017.384877964,-0.7785720323455708,-0.8821031600013769,0.5973295139421061,94.69681715304525,0.1894765204206601,0.1799100718831351,0.2897360054790752,141,0.13530819964366364,0,7
092,Téti,08,Győr-Moson-Sopron,,False,9976.0,127.58333333333334,0.012789026998128844,90,0.03197087496875341,2.8773787471878065,1.4386893735939033,4.3160681207817095,69731,2229.361082446144,757.9827680316889,129.06741621373564,3.796100476874577,4648,1,0,0.012467520851686254,estimated,low,2.0,3.0,20.04811547714515,460149.68990558723,2300748.449527936,-0.7841241697530194,-1.0839263848617848,1.0714543981564773,94.69444872933612,0.1893989990034427,0.1874260350749599,0.2395570084010492,142,0.3951122619361156,0,7
044,Tiszakécskei,03,Bács-Kiskun,,False,15348.0,384.0,0.02501954652071931,127,0.04848921408803124,6.158130189179968,3.079065094589984,9.237195283769951,71938,3488.217083064791,1185.993808242029,176.54091022825213,5.192379712595651,3947,1,0,0.4581644473480072,estimated,low,1.0,1.0,6.515506906437321,984806.6403211132,4924033.201605566,-0.5200532991893346,-0.6999994996309598,-0.3261033937996568,94.59895665172924,0.186273426007113,0.18679101324168865,0.38667854995917617,143,0.38631527239052943,0,7
197,Zalaegerszegi,20,Zala,,False,62306.0,2091.5833333333335,0.033569533164275245,44,0.37439684647602106,16.473461244944925,8.236730622472463,24.710191867417386,32225,12064.93837768978,4102.0790484145255,136.5399534522886,4.01588098389084,5595,0,0,-0.5896366009628872,estimated,low,4.0,9.0,6.419927454819761,2634431.803926281,13172159.019631406,-0.7425582506045186,-0.4316078148163863,-0.33597420375186016,94.59496859552459,0.18614289202886605,0.17444018194478525,0.41024575087554555,144,0.25403487059412067,0,7
131,Nagykátai,13,Pest,,False,48292.0,1830.5833333333333,0.03790655457080538,143,0.055607948532823914,7.95193664019382,3.97596832009691,11.927904960290729,222013,12345.687477617836,4197.533742390065,64.41064262002675,1.8944306652949043,3850,1,0,0.5198372032255295,estimated,low,6.0,12.0,12.424418123084568,1271671.7195156356,6358358.597578178,-1.1437768737547278,-0.2954648556630165,0.2841296495677107,94.56473168049087,0.18515320065875263,0.15623112399472708,0.36083238875114776,145,0.34665400405171387,0,7
124,Ceglédi,13,Pest,,False,57668.0,1906.9166666666667,0.03306715451665858,143,0.06640435633212312,9.495822955493606,4.747911477746803,14.243734433240409,222013,14742.63036236365,5012.494323203641,64.41064262002675,1.8944306652949046,4468,1,0,0.12691181010894415,estimated,low,8.0,9.0,13.87251161822848,1518569.6330867987,7592848.165433994,-1.1437768737547278,-0.4473779273639103,0.43367911278059,94.33077073875147,0.1774953716532199,0.15044047278187858,0.34955721775435683,146,0.31950349826167856,0,7
125,Dabasi,13,Pest,,False,33554.0,1417.8333333333333,0.042255270111859485,143,0.03863722987389989,5.5251238719676845,2.7625619359838423,8.287685807951526,222013,8577.967315994138,2916.508887438007,64.41064262002675,1.8944306652949041,4816,0,0,-0.09434714912175443,estimated,low,3.0,4.0,8.940811825713775,883576.4283241042,4417882.1416205205,-1.1437768737547278,-0.15895480722656533,-0.07563403527988538,94.28215894090025,0.17590424779797897,0.1482245036450945,0.3468057171397554,147,0.2672930053272697,0,7
188,Sümegi,19,Veszprém,,False,9360.0,391.4166666666667,0.041818019943019945,21,0.04305784287567508,0.9042147003891767,0.45210735019458836,1.3563220505837652,45802,1972.13531939167,670.5260085931678,45.84952622156238,1.3485154771047758,3622,1,0,0.6647999696180562,estimated,low,1.0,1.0,10.683760683760683,144601.78883256204,723008.9441628102,-1.2470229117328382,-0.17268047890217547,0.10436612838531499,94.12647561972413,0.1708085414646199,0.14006399435094463,0.327060709468452,148,0.33269506980661423,0,7
009,Budapest 09. ker.,01,főváros,,True,42777.0,1040.8333333333333,0.024331611224100175,274,0.0386605065803387,10.592978803012803,5.296489401506402,15.889468204519204,210663,8144.3382977338915,2769.0750212295234,130.06555493845622,3.8254574981898877,7400,0,0,-1.7372585015703899,estimated,low,4.0,4.0,9.350819365546906,1694026.5219331067,8470132.609665534,-0.7785720323455707,-0.7215944004185747,-0.03329118400619439,94.06747460994572,0.1688773659415699,0.15832716026426688,0.32605581359181496,149,0.13755837310758587,0,7
080,Gárdonyi,07,Fejér,,False,23507.0,408.5,0.017377802356744798,127,0.08606713434191063,10.93052606142265,5.465263030711325,16.395789092133974,61742,5313.957008538246,1806.7453829030037,205.69466489585696,6.049843085172263,6070,0,0,-0.891642364280651,estimated,low,1.0,2.0,4.254051984515251,1748006.995111195,8740034.975555975,-0.3578858089911118,-0.9398806452508611,-0.5596514145508716,93.82311369079319,0.1608791329006497,0.17743997116603802,0.2975478746153133,150,0.2528943756927459,0,7
192,Zirci,19,Veszprém,,False,11851.0,316.6666666666667,0.026720670548195654,21,0.054516933324746296,1.144855599819672,0.572427799909836,1.7172833997295083,45802,2496.9845801400297,848.9747572476101,45.84952622156237,1.3485154771047758,5135,0,0,-0.2971678617498948,estimated,low,2.0,2.0,16.876212977807782,183085.021309262,915425.10654631,-1.2470229117328382,-0.6465997034854254,0.7438814080628009,93.69543161937919,0.15669994186691835,0.13213738822106882,0.29039995454042467,151,0.28023297281891857,0,7
018,Budapest 18. ker.,01,főváros,,True,64248.0,1141.5833333333333,0.017768387083385215,274,0.05806532077456578,15.909897892231024,7.954948946115512,23.864846838346537,210663,12232.214670332352,4158.9529879130005,130.0655549384562,3.8254574981898872,7520,0,0,-1.8135546944085617,estimated,low,7.0,7.0,10.895280786950567,2544306.8934511123,12721534.46725556,-0.7785720323455708,-0.9276198433085715,0.1262105175748654,93.62824940100454,0.1545009853372489,0.1479348184508079,0.24262552973863738,152,0.13681736524767546,0,7
075,Szegedi,06,Csongrád-Csanád,,False,129700.0,1909.4166666666665,0.014721793883320481,130,0.5152980345571496,66.98874449242945,33.49437224621472,100.48311673864417,52006,26798.589585179125,9111.520458960904,249.97115717417216,7.3520928580638865,6383,0,0,-1.0906482672668827,estimated,low,1.0,1.0,0.7710100231303006,10712823.272043195,53564116.36021597,-0.11159823096144893,-1.023255113397125,-0.9193568185319094,93.5704012856962,0.15260754546634525,0.18986406419973728,0.2722400504840548,153,0.2323406543752583,0,7
004,Budapest 04. ker.,01,főváros,,True,62897.0,1368.0833333333333,0.0217511699021151,274,0.056844329485086914,15.575346278913814,7.787673139456907,23.363019418370722,210663,11974.996982316865,4071.498973987734,130.06555493845622,3.825457498189888,7357,0,0,-1.7099190324700448,estimated,low,5.0,5.0,7.949504745854333,2490805.4830873273,12454027.415436639,-0.7785720323455707,-0.8025967484742531,-0.17800963614353912,93.46877626931524,0.14928123385063663,0.14208311562488374,0.2796332130050275,154,0.13268772766752326,0,7
013,Budapest 13. ker.,01,főváros,,True,80856.0,1815.6666666666667,0.022455558853599816,274,0.07307510858778936,20.022579753054284,10.011289876527142,30.033869629581424,210663,15394.22160042947,5234.03534414602,130.06555493845622,3.825457498189888,7648,0,0,-1.8949373001026117,estimated,low,6.0,6.0,7.420599584446424,3202005.948463503,16010029.742317514,-0.7785720323455707,-0.780485352827075,-0.2326314428461605,93.43298684187064,0.14810980192897027,0.14100025303072486,0.28526780774188537,155,0.10668955315473756,0,7
186,Devecseri,19,Veszprém,,False,9160.0,553.75,0.06045305676855895,21,0.04213780349798971,0.884893873457784,0.442446936728892,1.327340810186676,45802,1929.9956758149249,656.1985297770746,45.84952622156238,1.3485154771047756,2737,1,1,1.2274843917995741,estimated,low,0.0,6.0,0.0,141512.00701990045,707560.0350995023,-1.2470229117328382,0.41228990043258307,-0.9989816048302742,93.36175372212183,0.14577825442146092,0.13144470017989784,0.2632169229250844,156,0.2970767541623409,0,7
007,Budapest 07. ker.,01,főváros,,True,37118.0,583.0833333333334,0.01570891032203603,274,0.03354608044624475,9.19162604227106,4.59581302113553,13.787439063406591,210663,7066.9179450472575,2402.7521013160676,130.06555493845622,3.825457498189888,7350,0,0,-1.7054684212211515,estimated,low,4.0,4.0,10.776442696265962,1469922.5387734775,7349612.693867387,-0.7785720323455707,-0.9922686504773606,0.11393771010026242,93.35929251241754,0.1456976960046495,0.14102084652962982,0.2563650882424192,157,0.14962003695780376,0,7
077,Bicskei,07,Fejér,,False,23753.0,533.0,0.02243927082894792,127,0.08696782413848655,11.044913665587792,5.522456832793896,16.56737049838169,61742,5369.567397958437,1825.6529153058686,205.69466489585693,6.049843085172262,4861,0,0,-0.12295822143606891,estimated,low,0.0,1.0,0.0,1766299.8321723833,8831499.160861917,-0.35788580899111194,-0.7809966484069245,-0.9989816048302742,93.34630042666541,0.14527244907934922,0.1669135534888306,0.28565361598023714,158,0.30092562751895585,0,7
190,Várpalotai,19,Veszprém,,False,23285.0,661.9166666666667,0.028426741106577915,21,0.10711558454701861,2.249427275487391,1.1247136377436955,3.3741409132310864,45802,4906.108003422546,1668.0767211636658,45.849526221562385,1.3485154771047758,5249,0,0,-0.36964924494615814,estimated,low,3.0,5.0,12.883830792355594,359727.8475391247,1798639.2376956237,-1.2470229117328382,-0.5930446313354744,0.33157473395837717,93.14780311852878,0.13877538836285597,0.11310233614643295,0.27917263572823553,159,0.2503503741829552,0,7
017,Budapest 17. ker.,01,főváros,,True,54142.0,897.5,0.016576779579623953,274,0.04893183596962615,13.407323055677566,6.703661527838783,20.11098458351635,210663,10308.127360869354,3504.7633026955805,130.06555493845622,3.825457498189888,7062,0,0,-1.5223575584095388,estimated,low,5.0,5.0,9.234974696169333,2144095.751233192,10720478.756165963,-0.7785720323455707,-0.9650254626276634,-0.04525485084095757,93.1429232329961,0.13861566371523715,0.1343004675902727,0.24653146430675646,160,0.16301570962026574,0,7
138,Váci,13,Pest,,False,45937.0,909.9166666666666,0.019807925347033253,143,0.052896180148934234,7.564153761297596,3.782076880648798,11.346230641946393,222013,11743.639643405337,3992.837478757815,64.41064262002675,1.8944306652949043,5600,0,0,-0.5928156089978109,estimated,low,7.0,9.0,15.238261096719418,1209657.5784682713,6048287.892341356,-1.1437768737547278,-0.8635969233152573,0.5747246337200316,93.08865916497024,0.13683953411429936,0.11882569444602264,0.2524172830127736,161,0.2550258221959669,0,7
193,Keszthelyi,20,Zala,,False,29930.0,753.1666666666666,0.025164272190667112,44,0.17984941442280536,7.9133742346034355,3.9566871173017177,11.870061351905154,32225,5795.647379774903,1970.5201091234671,136.5399534522886,4.015880983890841,5565,0,0,-0.5705625527533442,estimated,low,1.0,3.0,3.341129301703976,1265504.8292542228,6327524.146271113,-0.7425582506045186,-0.6954564321371077,-0.6539319963138053,92.94763941062084,0.13222378433495025,0.1305217460594709,0.30404380867500297,162,0.23450908396785708,0,7
015,Budapest 15. ker.,01,főváros,,True,49921.0,1018.5833333333334,0.020403904836308034,274,0.04511702898747196,12.362065942567318,6.181032971283659,18.543098913850976,210663,9504.488677587806,3231.5261503798542,130.06555493845622,3.825457498189888,6991,0,0,-1.4772156443136204,estimated,low,3.0,3.0,6.009495002103323,1976938.4950188799,9884692.475094398,-0.7785720323455707,-0.844888597102614,-0.3783609372015459,92.88387036553584,0.13013654515957135,0.12628746696341273,0.23814536895529712,163,0.14863110240816788,0,7
023,Budapest 23. ker.,01,főváros,,True,14988.0,255.08333333333334,0.017019170892269373,274,0.013545682788089777,3.711517083936599,1.8557585419682996,5.567275625904899,210663,2853.574173187357,970.2152188837014,130.06555493845622,3.825457498189888,6397,0,0,-1.0995494897646696,estimated,low,1.0,1.0,6.6720042700827324,593544.8841838699,2967724.42091935,-0.7785720323455707,-0.9511384058756246,-0.30994138712958597,92.64200593180097,0.1222200251528912,0.1201169541823544,0.21912412557609548,164,0.19612344554129957,0,7
087,Győri,08,Győr-Moson-Sopron,,False,133202.0,1723.0833333333333,0.012935866828826394,90,0.4268829678817052,38.41946710935347,19.209733554676735,57.62920066403021,69731,29766.976233359186,10120.771919342124,129.06741621373564,3.7961004768745776,6669,0,0,-1.272487526864526,estimated,low,12.0,15.0,9.008873740634526,6144031.575261029,30720157.876305148,-0.7841241697530194,-1.079316951981734,-0.06860505346636829,92.63980718356311,0.12214805742226675,0.12104500207933129,0.1734970675583124,165,0.19041722087532112,0,7
187,Pápai,19,Veszprém,,False,35251.0,915.1666666666666,0.02596143844619065,21,0.162161540513934,3.405392350792614,1.702696175396307,5.108088526188921,45802,7427.322878619205,2525.2897787305296,45.84952622156238,1.3485154771047758,4559,1,0,0.06905386387333043,estimated,low,4.0,7.0,11.347195824231937,544589.4933906671,2722947.466953336,-1.2470229117328382,-0.6704326744031067,0.17288129640917044,92.5762449237018,0.1200675865812605,0.096385491940514,0.2510355511823977,166,0.28363267185978913,0,7
198,Zalaszentgróti,20,Zala,,False,9005.0,263.1666666666667,0.029224504904682584,44,0.05411105836543142,2.3808865680789824,1.1904432840394912,3.5713298521184735,32225,1743.7288558260275,592.8678109808494,136.5399534522886,4.015880983890841,3916,1,0,0.477874297164535,estimated,low,0.0,1.0,0.0,380750.78474554885,1903753.923727744,-0.7425582506045186,-0.5680021162084173,-0.9989816048302742,92.55970193930473,0.11952611438161868,0.12250985057572442,0.2893262711484226,167,0.30782291796968636,0,7
003,Budapest 03. ker.,01,főváros,,True,79374.0,1471.75,0.018541965883034747,274,0.07173572362035215,19.655588271976487,9.827794135988244,29.483382407964733,210663,15112.062745034244,5138.101333311643,130.06555493845622,3.825457498189888,7582,0,0,-1.8529743940416172,estimated,low,4.0,4.0,5.039433567666994,3143316.762557412,15716583.81278706,-0.7785720323455707,-0.9033365167923534,-0.4785424291355673,92.45087164614594,0.11596396520647856,0.11481503873231513,0.2071969685641055,168,0.09741927883856347,0,7
157,Nyíregyházi,15,Szabolcs-Szatmár-Bereg,,False,106553.0,3110.1666666666665,0.029188916939613774,112,0.308252427184466,34.52427184466019,17.262135922330096,51.78640776699029,85988,26506.009708737864,9012.043300970874,130.2507326603712,3.8309039017756232,5611,0,0,-0.5998094266746434,estimated,low,0.0,1.0,0.0,5521112.922330096,27605564.61165048,-0.7775419829832858,-0.5691192540826782,-0.9989816048302742,92.4113767781499,0.11467124966404134,0.11650846241766144,0.26010653092596975,169,0.202638202831604,0,7
001,Budapest 01. ker.,01,főváros,,True,15163.0,225.66666666666666,0.0148827188990745,274,0.013703842281545588,3.754852785143491,1.8774263925717456,5.632279177715237,210663,2886.8925265572384,981.5434590294611,130.06555493845622,3.8254574981898877,7997,0,0,-2.116832060940295,estimated,low,1.0,1.0,6.595000989250148,600475.1186869509,3002375.5934347543,-0.7785720323455707,-1.0182035340312572,-0.317893773734982,92.37570972135889,0.11350382308417899,0.11322468575287961,0.20504960178010131,170,0.07372895368863545,0,7
189,Tapolcai,19,Veszprém,,False,20529.0,746.1666666666666,0.036346956338188255,21,0.09443744192251428,1.9831862803728,0.9915931401864,2.9747794205591997,45802,4325.423714934999,1470.6440630778998,45.84952622156238,1.3485154771047758,5220,0,0,-0.3512109983435999,estimated,low,1.0,1.0,4.871157874226704,317150.65416064806,1585753.2708032404,-1.2470229117328382,-0.34442203123959164,-0.4959208233553891,92.29180266780864,0.11075744215551271,0.08842296008383944,0.2293286039424219,171,0.2015349225716967,0,7
022,Budapest 22. ker.,01,főváros,,True,35800.0,549.6666666666666,0.015353817504655493,274,0.03235491351838898,8.86524630403858,4.43262315201929,13.297869456057871,210663,6815.983146524377,2317.434269818288,130.06555493845622,3.8254574981898886,7405,0,0,-1.7404375096053137,estimated,low,2.0,2.0,5.58659217877095,1417727.9726302738,7088639.863151369,-0.7785720323455707,-1.0034153298226607,-0.4220355275734074,92.20674208654697,0.10797330484793315,0.10853758789861283,0.19240466199908485,172,0.11457034652373371,0,7
191,Veszprémi,19,Veszprém,,False,52352.0,988.0,0.018872249388753055,21,0.24082950750292112,5.0574196575613435,2.5287098287806717,7.586129486342015,45802,11030.473102648793,3750.36085490059,45.84952622156237,1.3485154771047758,6550,0,0,-1.1968271356333386,estimated,low,7.0,7.0,13.371026894865524,808781.2872822956,4043906.436411478,-1.2470229117328382,-0.8929686238047062,0.3818891065138082,92.16484851434481,0.10660207677041757,0.08731283934122555,0.1947075483830448,173,0.16477145768400173,0,7
005,Budapest 05. ker.,01,főváros,,True,16446.0,213.33333333333334,0.012971745915926872,274,0.0148633773107102,4.072565383134594,2.036282691567297,6.108848074701891,210663,3131.1636544061425,1064.5956424980886,130.06555493845622,3.8254574981898877,8098,0,0,-2.1810480232457565,estimated,low,1.0,1.0,6.080505898090721,651283.6379295385,3256418.1896476927,-0.7785720323455707,-1.078190675527985,-0.37102740424059183,92.03768886641973,0.10243998529918952,0.10436240283838245,0.17831817515694026,174,0.06242885821534641,0,7
129,Gyáli,13,Pest,,False,29491.0,748.4166666666666,0.025377798876493392,143,0.03395870972793651,4.856095491094921,2.4280477455474605,7.2841432366423815,222013,7539.275022828369,2563.3535077616457,64.41064262002675,1.8944306652949043,5791,0,0,-0.7142537159319013,estimated,low,2.0,2.0,6.781730019327931,776585.576912027,3882927.8845601347,-1.1437768737547278,-0.6887536395654982,-0.2986096416619913,92.03318206284042,0.10229247208217455,0.08439005434951505,0.23492730954082838,175,0.19191033976375726,0,7
011,Budapest 11. ker.,01,főváros,,True,94362.0,1355.8333333333333,0.014368425142889439,274,0.08528140640844192,23.367105355913086,11.683552677956543,35.05065803386963,210663,17965.6369182216,6108.316552195344,130.06555493845622,3.825457498189888,8045,0,0,-2.147350538075564,estimated,low,5.0,5.0,5.298743138127636,3736861.6467412817,18684308.233706407,-0.7785720323455707,-1.0343476724336438,-0.45176266167000223,92.02725307624983,0.10209840906828309,0.1038312568325918,0.17622464208061303,176,0.062084649926428516,0,7
183,Ajkai,19,Veszprém,,False,23070.0,799.0833333333334,0.03463733564513799,21,0.10612654221600684,2.2286573865361436,1.1143286932680718,3.3429860798042155,45802,4860.807886577545,1652.6746814363655,45.84952622156238,1.3485154771047756,5611,0,0,-0.5998094266746434,estimated,low,1.0,4.0,4.334633723450368,356406.33209051343,1782031.6604525673,-1.2470229117328382,-0.3980885452741428,-0.5513294685971613,91.99470068406656,0.10103292928688333,0.08003297079424229,0.20612627593364105,177,0.17374881814947138,0,7
089,Mosonmagyaróvári,08,Győr-Moson-Sopron,,False,54441.0,683.4166666666666,0.012553345211635838,90,0.1744713717094932,15.702423453854388,7.851211726927194,23.553635180781583,69731,12166.06322067467,4136.461495029388,129.06741621373564,3.7961004768745776,6083,0,0,-0.899907785171453,estimated,low,3.0,5.0,5.510552708436657,2511127.6331345304,12555638.16567265,-0.7841241697530194,-1.0913246457473316,-0.4298883782419722,91.83915336734732,0.09594167454645686,0.09871840291385185,0.11655296788221188,178,0.2097520332688644,0,7
016,Budapest 16. ker.,01,főváros,,True,45139.0,639.3333333333334,0.014163657443304755,274,0.04079520785772514,11.177886953016689,5.588943476508344,16.766830429525033,210663,8594.040872931952,2921.9738967968638,130.06555493845622,3.825457498189888,7832,0,0,-2.0119247957878086,estimated,low,2.0,2.0,4.4307583242872015,1787564.8870546906,8937824.435273454,-0.7785720323455707,-1.040775512637179,-0.5414023592600172,91.80671073229638,0.09487978725081697,0.09796126066151437,0.15865092728561475,179,0.07391206772220325,0,7
130,Monori,13,Pest,,False,48987.0,1195.75,0.02440953722416151,143,0.05640823686692299,8.066377871969987,4.0331889359849935,12.09956680795498,222013,12523.361891536175,4257.9430431223,64.41064262002675,1.8944306652949041,5281,0,0,-0.3899948963696706,estimated,low,3.0,4.0,6.124073733847755,1289973.1326909724,6449865.663454862,-1.1437768737547278,-0.7191482339718603,-0.36652800798429985,91.78428690798229,0.09414582793704968,0.07749673391989588,0.2117190000089723,180,0.2201254856030634,0,7
122,Aszódi,13,Pest,,False,24697.0,674.9166666666666,0.02732788057928763,143,0.02843844746366173,4.066697987303627,2.0333489936518134,6.10004698095544,222013,6313.705036749931,2146.6597124949767,64.41064262002675,1.8944306652949043,4871,0,0,-0.12931623750591656,estimated,low,1.0,3.0,4.049074786411305,650345.3254550992,3251726.627275496,-1.1437768737547278,-0.6275388405770704,-0.58082009602767,91.63158006066026,0.08914754524904137,0.0737143297135522,0.18925838086151883,181,0.23070141860639362,0,7
012,Budapest 12. ker.,01,főváros,,True,32627.0,417.8333333333333,0.012806366914927309,274,0.029487255959901596,8.079508133013038,4.039754066506519,12.119262199519557,210663,6211.87380228075,2112.037092775455,130.06555493845622,3.825457498189888,8258,0,0,-2.282776280363319,estimated,low,1.0,1.0,3.064946210194011,1292072.9207544117,6460364.603772058,-0.7785720323455707,-1.0833820694519367,-0.6824543487877966,91.33381341644207,0.0794012772266034,0.0856111882648467,0.12489719257214466,182,0.03096344812727544,0,7
091,Soproni,08,Győr-Moson-Sopron,,False,67884.0,657.25,0.009681957456838136,90,0.21755321535473698,19.57978938192633,9.789894690963164,29.36968407288949,69731,15170.203259901165,5157.869108366396,129.06741621373564,3.7961004768745776,6547,0,0,-1.1949197308123845,estimated,low,3.0,4.0,4.4193035177656,3131195.023010313,15655975.115051566,-0.7841241697530194,-1.1814600610870654,-0.5425853354782362,91.25537566176499,0.07683391316818682,0.08347611878629309,0.08913366610540042,183,0.16999739435600447,0,7
128,Gödöllői,13,Pest,,False,104534.0,1908.6666666666667,0.018258812124922672,143,0.12037027441253655,17.212949240992724,8.606474620496362,25.819423861489085,222013,26723.765733150478,9086.080349271164,64.41064262002675,1.894430665294904,6478,0,0,-1.1510494199304355,estimated,low,7.0,7.0,6.696385864886066,2752690.5393822463,13763452.696911233,-1.1437768737547278,-0.912224965087013,-0.30742341820883606,91.22914355229041,0.07597530400326696,0.062460520885241386,0.15961993402380054,184,0.1450544795018874,0,7
135,Szentendrei,13,Pest,,False,56361.0,790.4166666666666,0.014024177474967914,143,0.06489935366641449,9.280607574297271,4.6403037871486355,13.920911361445906,222013,14408.500205541679,4898.890069884171,64.41064262002675,1.8944306652949046,6882,0,0,-1.407913269152281,estimated,low,4.0,4.0,7.097106154965314,1484152.443129726,7420762.21564863,-1.1437768737547278,-1.0451539128921108,-0.26603969230935254,90.83415205076868,0.06304674697659352,0.05214896391537908,0.13427023923101541,185,0.1188720820508462,0,7
136,Szigetszentmiklósi,13,Pest,,False,85195.0,1526.75,0.017920652620458947,143,0.09810153183247605,14.028519052044075,7.0142595260220375,21.042778578066113,222013,21779.815386723505,7405.137231485992,64.41064262002675,1.8944306652949046,6671,0,0,-1.2737591300784954,estimated,low,4.0,6.0,4.695111215446916,2243437.2596731256,11217186.298365626,-1.1437768737547278,-0.9228400926799298,-0.5141017511816838,90.75653084511495,0.06050610957070706,0.04932927376309328,0.11884987274309661,186,0.11906909978457648,0,7
126,Dunakeszi,13,Pest,,False,57544.0,724.6666666666666,0.012593261967653736,143,0.06626157107539177,9.475404663781022,4.737702331890511,14.213106995671534,222013,14710.930179160952,5001.716260914724,64.41064262002675,1.8944306652949043,7431,0,0,-1.7569683513869176,estimated,low,4.0,4.0,6.951202558042541,1515304.344980695,7576521.7249034755,-1.1437768737547278,-1.0900716232752965,-0.28110764522385717,90.63944737418375,0.05667382374940899,0.046961784547764174,0.11597276014391547,187,0.07742372397464739,0,7
090,Pannonhalmi,08,Győr-Moson-Sopron,,False,10461.0,138.58333333333334,0.013247618137208043,90,0.03352519276745483,3.0172673490709347,1.5086336745354674,4.525901023606402,69731,2337.7452168673926,794.8333737349136,129.06741621373564,3.796100476874577,4822,0,0,-0.09816195876366303,estimated,low,0.0,4.0,0.0,482520.64014658664,2412603.200732933,-0.7841241697530194,-1.0695308011504039,-0.9989816048302742,90.62790243494689,0.056295943707134304,0.06745021784268893,0.049808142647362316,188,0.25056666921907383,0,7
002,Budapest 02. ker.,01,főváros,,True,50114.0,633.1666666666666,0.012634526612656476,274,0.045291456314540374,12.409859030184062,6.204929515092031,18.61478854527609,210663,9541.23406159002,3244.019580940607,130.0655549384562,3.8254574981898877,8396,0,0,-2.3705169021272168,estimated,low,0.0,0.0,0.0,1984581.5536422776,9922907.768211389,-0.7785720323455708,-1.0887762893692596,-0.9989816048302742,90.5799198049905,0.05472541328992005,0.06654159263253367,0.05069340806249497,189,0.0,0,7
184,Balatonalmádi,19,Veszprém,,False,16734.0,511.66666666666663,0.03057647105693,21,0.07697969473093448,1.616573589349624,0.808286794674812,2.424860384024436,45802,3525.823978066261,1198.7801525425289,45.84952622156237,1.3485154771047756,5928,0,0,-0.8013585360888142,estimated,low,0.0,2.0,0.0,258522.04426539454,1292610.2213269726,-1.2470229117328382,-0.5255626962957041,-0.9989816048302742,90.54884463027602,0.053708284650792075,0.04158005861196277,0.12597087596414677,190,0.12378485472747836,0,7
086,Csornai,08,Győr-Moson-Sopron,,False,20684.0,219.75,0.010624153935409011,90,0.06628764814090772,5.965888332681695,2.9829441663408476,8.948832499022544,69731,4622.303992513636,1571.5833574546364,129.06741621373564,3.7961004768745776,5033,0,0,-0.23231609783744867,estimated,low,0.0,6.0,0.0,954063.3706903735,4770316.853451868,-0.7841241697530194,-1.1518836756665587,-0.9989816048302742,90.32678991794076,0.04644016115849436,0.05955920002570945,0.028693366191833436,191,0.23787640749702846,0,7
137,Szobi,13,Pest,,False,16120.0,368.1666666666667,0.02283912324234905,143,0.018562083375074992,2.654377922635724,1.327188961317862,3.981566883953586,222013,4121.023816350525,1401.1480975591785,64.41064262002675,1.8944306652949043,4597,1,0,0.04489340280790932,estimated,low,0.0,2.0,0.0,424487.45379342436,2122437.268967122,-1.1437768737547278,-0.7684449255348442,-0.9989816048302742,90.19757857720425,0.04221091526138252,0.03570291981953882,0.10135092698653861,192,0.21659112110042011,0,7
139,Vecsési,13,Pest,,False,33553.0,514.0833333333334,0.015321531109985199,143,0.038636078379893996,5.524959208324842,2.762479604162421,8.287438812487263,222013,8577.711669355405,2916.421967580838,64.41064262002676,1.8944306652949046,6602,0,0,-1.2298888191965465,estimated,low,1.0,1.0,2.9803594313474204,883550.0953555066,4417750.476777533,-1.1437768737547278,-1.0044288284658052,-0.6911899086213535,90.08353658013785,0.03847818061562793,0.031131744739127366,0.07525055104781332,193,0.11277496485661576,0,7
185,Balatonfüredi,19,Veszprém,,False,15790.0,397.25,0.025158328055731476,21,0.07263710886825957,1.525379286233451,0.7626896431167255,2.2880689293501764,45802,3326.9248603840247,1131.1544525305685,45.84952622156238,1.3485154771047758,6277,0,0,-1.0232532969264976,estimated,low,0.0,0.0,0.0,243938.27410963192,1219691.3705481596,-1.2470229117328382,-0.6956430238192529,-0.9989816048302742,89.99485298817643,0.03557545771757518,0.02528303312631619,0.09007575598974771,194,0.10141224441769725,0,7
127,Érdi,13,Pest,,False,85364.0,1341.9166666666667,0.01571993658528966,143,0.0982961343194728,14.056347207684611,7.028173603842306,21.084520811526918,222013,21823.019668669116,7419.8266873475,64.41064262002675,1.8944306652949043,6764,0,0,-1.3328886795280785,estimated,low,1.0,1.0,1.171454008715618,2247887.531366121,11239437.656830607,-1.1437768737547278,-0.9919225262674377,-0.8780016275225343,89.71028878317153,0.026261321747605655,0.021380432160556177,0.07596235229376458,195,0.08953039191039873,0,7
123,Budakeszi,13,Pest,,False,62025.0,818.5833333333333,0.013197635362085179,143,0.07142141571582049,10.21326244736233,5.106631223681165,15.319893671043495,222013,15856.482767316455,5391.204140887595,64.41064262002675,1.8944306652949046,7715,0,0,-1.9375360077705912,estimated,low,1.0,1.0,1.6122531237404272,1633302.377266572,8166511.88633286,-1.1437768737547278,-1.071099804914526,-0.8324788271938709,89.53372192968922,0.020482071749891965,0.01646194256353247,0.054141756115359665,196,0.023566253554260248,0,7
133,Pilisvörösvári,13,Pest,,False,36853.0,404.25,0.010969256234227879,143,0.042436008599357235,6.068349229708085,3.0341746148540425,9.102523844562128,222013,9421.345577169097,3203.2574962374933,64.41064262002676,1.8944306652949046,6702,0,0,-1.2934689798950232,estimated,low,0.0,0.0,0.0,970448.8917276096,4852244.458638048,-1.1437768737547278,-1.141050607584144,-0.9989816048302742,88.90795648207784,0.0,0.0,0.0,197,0.0857921255055015,0,7
