district_name,county_name,need_score,birth_cohort,subsidy_cost,averted_societal,net_benefit,benefit_cost_ratio
Csurgói,Somogy,1.0,135.98856355752793,3345318.663515187,5247487.618016496,1902168.9545013094,1.5686062064122024
Ózdi,Borsod-Abaúj-Zemplén,0.9307357838291981,519.0051213951708,12767525.986321202,15497010.619928388,2729484.6336071864,1.2137833622999072
Barcsi,Somogy,0.9305339774559814,191.86734734348454,4719936.744649719,7403722.071530557,2683785.326880838,1.5686062064122026
Edelényi,Borsod-Abaúj-Zemplén,0.8417868487714039,332.670165243872,8183686.064999252,9933221.987981692,1749535.9229824403,1.2137833622999077
Tabi,Somogy,0.8320165620867751,103.44177068873418,2544667.5589428605,3991581.3262135615,1446913.767270701,1.568606206412203
Szerencsi,Borsod-Abaúj-Zemplén,0.8169034810665413,398.2495824804886,9796939.72902002,11891362.444539463,2094422.7155194432,1.2137833622999075
Balmazújvárosi,Hajdú-Bihar,0.8167316377836498,284.3201584087019,6994275.896854066,11290855.449871112,4296579.553017045,1.6142994094570378
Encsi,Borsod-Abaúj-Zemplén,0.7997636612839146,225.49437238946302,5547161.56078079,6733052.41046531,1185890.8496845206,1.2137833622999077
Marcali,Somogy,0.7918043625537501,290.8000457357652,7153681.125099823,11221308.61152541,4067627.486425588,1.5686062064122026
Cigándi,Borsod-Abaúj-Zemplén,0.7705589461856596,158.7552986204716,3905380.3460636013,4740285.687505054,834905.341441453,1.2137833622999075
Salgótarjáni,Nógrád,0.7692228855526766,524.2130487951911,12895641.0003617,13544398.392216323,648757.3918546233,1.050308270200483
Bátonyterenyei,Nógrád,0.7399952504589815,179.2231201593781,4408888.755920702,4630692.32273743,221803.56681672856,1.0503082702004827
Nagyatádi,Somogy,0.7392248026844868,204.9731556070083,5042339.627932404,7909445.235212966,2867105.6072805617,1.5686062064122026
Gönci,Borsod-Abaúj-Zemplén,0.7360297478421299,180.0492816134991,4429212.3276920775,5376104.2314462885,946891.903754211,1.2137833622999072
Tokaji,Borsod-Abaúj-Zemplén,0.7228761229493005,125.59584444111626,3089657.77325146,3750175.2003732026,660517.4271217426,1.2137833622999077
Hajdúhadházi,Hajdú-Bihar,0.7209197712890937,236.84589345427577,5826408.978975184,9405568.57401482,3579159.595039636,1.6142994094570373
Jászapáti,Jász-Nagykun-Szolnok,0.7053682913926165,305.0906222869671,7505229.308259391,8565160.760399284,1059931.4521398926,1.1412257252384619
Törökszentmiklósi,Jász-Nagykun-Szolnok,0.7033889595067355,337.2980950278844,8297533.137685956,9469358.272745827,1171825.1350598708,1.141225725238462
Gyomaendrődi,Békés,0.6976689041385012,182.04027632109722,4478190.797498992,3538696.075576278,-939494.7219227138,0.7902066337934041
Karcagi,Jász-Nagykun-Szolnok,0.6966400822860433,381.62816757162403,9388052.922261951,10713887.504785456,1325834.5825235043,1.1412257252384617
Sárospataki,Borsod-Abaúj-Zemplén,0.6908241475154423,227.1414207977635,5587678.951624981,6782231.745355791,1194552.7937308103,1.2137833622999075
Szécsényi,Nógrád,0.6741457814926173,170.3120515337846,4189676.467731101,4400451.843522322,210775.3757912214,1.050308270200483
Mezőcsáti,Borsod-Abaúj-Zemplén,0.6737954196009643,148.8730081706688,3662276.0009984523,4445209.678162161,782933.677163709,1.2137833622999077
Nyíradonyi,Hajdú-Bihar,0.6659866195273894,287.2718461060637,7066887.4142091675,11408072.17945723,4341184.765248063,1.6142994094570375
Szikszói,Borsod-Abaúj-Zemplén,0.6610128488303547,180.9904521325279,4452365.1224601865,5404206.708526564,951841.5860663773,1.2137833622999072
Kunhegyesi,Jász-Nagykun-Szolnok,0.659164918310047,189.72336143851442,4667194.691387454,5326322.646507748,659127.9551202944,1.1412257252384623
Mezőtúri,Jász-Nagykun-Szolnok,0.657591841510066,242.6701405259053,5969685.45693727,6812758.615038735,843073.1581014646,1.1412257252384619
Berettyóújfalui,Hajdú-Bihar,0.6347314476706949,388.4791902423061,9556588.07996073,15427194.493904771,5870606.413944041,1.6142994094570375
Sarkadi,Békés,0.6191619876870401,177.48130160010757,4366040.019362646,3450073.786707845,-915966.2326548011,0.7902066337934041
Putnoki,Borsod-Abaúj-Zemplén,0.6180646097366592,188.63746259963725,4640481.579951076,5632539.334803804,992057.754852728,1.2137833622999075
Sátoraljaújhelyi,Borsod-Abaúj-Zemplén,0.6035634617600285,216.33476644534304,5321835.254555439,6459555.088880484,1137719.8343250453,1.2137833622999075
Szeghalmi,Békés,0.5978120620014734,231.34371722468737,5691055.44372731,4497109.764919385,-1193945.6788079245,0.7902066337934042
Tiszafüredi,Jász-Nagykun-Szolnok,0.5924910723776686,173.48718021159817,4267784.633205315,4870505.613191299,602720.979985984,1.1412257252384619
Mezőkövesdi,Borsod-Abaúj-Zemplén,0.5917232348751496,413.8461225101093,10180614.613748688,12357060.636155458,2176446.02240677,1.2137833622999077
Kunszentmártoni,Jász-Nagykun-Szolnok,0.5896394213535122,309.375602937065,7610639.832251799,8685457.962090285,1074818.1298384862,1.1412257252384619
Sellyei,Baranya,0.5859292637639618,112.40493758127248,2765161.464499303,1988908.931694523,-776252.5328047802,0.7192740667151823
Püspökladányi,Hajdú-Bihar,0.5807846083965433,355.8869946730077,8754820.068955988,14132900.867218276,5378080.798262289,1.6142994094570382
Rétsági,Nógrád,0.5746954302710378,238.01225075641443,5855101.368607794,6149661.390310933,294560.02170313895,1.0503082702004831
Fonyódi,Somogy,0.5744429646766511,289.81675894214607,7129492.269976793,11183365.82325342,4053873.5532766264,1.5686062064122024
Tamási,Tolna,0.5665021760182615,311.79950110469673,7670267.727175539,7165933.2183932,-504334.5087823393,0.934248121875134
Pásztói,Nógrád,0.5538834255336234,277.588758561693,6828683.4606176475,7172222.713267968,343539.25265032053,1.050308270200483
Miskolci,Borsod-Abaúj-Zemplén,0.5538391320020073,2436.438374519495,59936384.01317957,72749785.71161552,12813401.698435947,1.2137833622999075
Hajdúszoboszlói,Hajdú-Bihar,0.5511458796228083,413.1126467323306,10162571.109615332,16405432.54081718,6242861.431201849,1.6142994094570375
Derecskei,Hajdú-Bihar,0.5407778069889054,407.5028947211143,10024571.21013941,16182659.38458807,6158088.17444866,1.6142994094570375
Siófoki,Somogy,0.5376047367782946,446.327922577925,10979666.895416955,17222773.636489637,6243106.741072683,1.5686062064122028
Paksi,Tolna,0.531148734831201,434.21831811193584,10681770.625553621,9979424.145224443,-702346.4803291783,0.9342481218751337
Mezőkovácsházai,Békés,0.529763143381105,289.58496571198066,7123790.156514724,5629266.239430088,-1494523.9170846362,0.7902066337934042
Kazincbarcikai,Borsod-Abaúj-Zemplén,0.528188802184196,644.2480268916513,15848501.461534621,19236647.391396493,3388145.9298618715,1.2137833622999077
Hajdúnánási,Hajdú-Bihar,0.5232359681652449,279.12766067931153,6866540.452711064,11084652.197824331,4218111.745113267,1.6142994094570375
Kaposvári,Somogy,0.5230414469941724,957.6511022140755,23558217.114466257,36953565.57775795,13395348.46329169,1.5686062064122028
Jászberényi,Jász-Nagykun-Szolnok,0.5185335051424033,495.5619076207713,12190822.927470973,13912480.736656733,1721657.80918576,1.141225725238462
Hajdúböszörményi,Hajdú-Bihar,0.5005661336495835,382.01947580514786,9397679.104806637,15170667.829156097,5772988.72434946,1.6142994094570378
Körmendi,Vas,0.4983012425094538,218.2391763280137,5368683.737669136,5505378.653401524,136694.91573238745,1.0254615325490815
Szarvasi,Békés,0.49026540235698285,213.57895858545115,5254042.381202099,4151779.143857592,-1102263.2373445071,0.7902066337934041
Szigetvári,Baranya,0.48657761856647264,203.49779026200866,5006045.640445413,3600718.8059649817,-1405326.8344804314,0.7192740667151823
Balassagyarmati,Nógrád,0.4841799119546359,346.78410352687206,8530888.946761053,8960063.21294502,429174.26618396677,1.0503082702004827
Komlói,Baranya,0.48020116643675587,273.7542742230241,6734355.145886392,4843847.012486021,-1890508.1334003713,0.7192740667151825
Debreceni,Hajdú-Bihar,0.46215190678662976,2223.099905844407,54688257.683772415,88283222.0831481,33594964.39937569,1.6142994094570375
Tiszaújvárosi,Borsod-Abaúj-Zemplén,0.4569505683946729,336.7373664153895,8283739.213818581,10054664.83536431,1770925.6215457292,1.2137833622999077
Szentlőrinci,Baranya,0.4477160205667204,122.97942868625799,3025293.9456819464,2176015.4793194733,-849278.4663624731,0.7192740667151822
Szolnoki,Jász-Nagykun-Szolnok,0.43510090708874916,1094.8982557130034,26934497.090539884,30738340.976084616,3803843.885544732,1.1412257252384617
Hegyháti,Baranya,0.4329798232872194,96.52960903291381,2374628.3822096796,1708008.6134092505,-666619.7688004291,0.7192740667151823
Celldömölki,Vas,0.43205781291725126,198.07584796074562,4872665.859834341,4996731.400225312,124065.54039097112,1.0254615325490817
Szekszárdi,Tolna,0.42832784173539923,495.9520200169014,12200419.692415774,11398219.183727836,-802200.5086879376,0.934248121875134
Tolnai,Tolna,0.42768162170852325,159.9021029964263,3933591.733712087,3674950.6894440693,-258641.04426801763,0.934248121875134
Hatvani,Heves,0.4270660224097903,498.81189811989657,12270772.693749456,5555982.960200928,-6714789.733548528,0.4527818336192521
Dombóvári,Tolna,0.4218622516074978,268.86651750715254,6614116.330675953,6179225.759797661,-434890.57087829243,0.9342481218751338
Pétervásárai,Heves,0.41865219862968156,169.89616133437946,4179445.568825735,1892377.0281647742,-2287068.5406609606,0.45278183361925206
Siklósi,Baranya,0.415792868416789,289.58882709874143,7123885.146629039,5124025.840227752,-1999859.3064012872,0.7192740667151823
Orosházi,Békés,0.4072037119541874,390.6861194029851,9610878.537313433,7594579.976767725,-2016298.560545708,0.7902066337934043
Hevesi,Heves,0.40175154812378544,310.5437320198762,7639375.807688953,3458970.58591196,-4180405.2217769935,0.45278183361925217
Komáromi,Komárom-Esztergom,0.3962524313829443,379.98741344853346,9347690.370833922,6397605.142961322,-2950085.2278726,0.6844049052932615
Sárbogárdi,Fejér,0.39277494848280925,256.9380838007645,6320676.861498806,3232846.2463142653,-3087830.6151845404,0.511471527045866
Békési,Békés,0.38355154020343435,290.6381027295953,7149697.3271480445,5649738.257527354,-1499959.0696206903,0.790206633793404
Tiszavasvári,Szabolcs-Szatmár-Bereg,0.3799492439108059,270.0858565637162,6644112.071467419,2151867.661026187,-4492244.410441233,0.32387588256784555
Kalocsai,Bács-Kiskun,0.3798370582630865,438.03473143689996,10775654.393347738,4730286.547289068,-6045367.84605867,0.43897905172323193
Vasvári,Vas,0.3738877318189109,114.67977871376868,2821122.5563587095,2892952.660152385,71830.10379367555,1.0254615325490817
Kunszentmiklósi,Bács-Kiskun,0.3734024062703567,279.69979738239965,6880615.015607032,3020445.8548238045,-3860169.1607832275,0.43897905172323176
Szentgotthárdi,Vas,0.3668319750579592,126.00382979680006,3099694.2130012815,3178617.178097813,78922.96509653144,1.0254615325490815
Kőszegi,Vas,0.36247548334822943,232.1837811988449,5711721.017491585,5857150.188089721,145429.17059813626,1.0254615325490817
Sárvári,Vas,0.36008299869586075,337.7255666525655,8308048.93965311,8519584.59814945,211535.65849634074,1.0254615325490817
Fehérgyarmati,Szabolcs-Szatmár-Bereg,0.3592482169234059,373.5529853308184,9189403.439138131,2976226.149122858,-6213177.290015273,0.3238758825678456
Lenti,Zala,0.35211836185307743,143.88748345020844,3539632.0928751277,1201756.0276816674,-2337876.0651934603,0.3395143891085924
Bonyhádi,Tolna,0.34505897544620484,263.32820692955397,6477873.890467027,6051941.515912788,-425932.3745542392,0.9342481218751341
Füzesabonyi,Heves,0.3440411562935149,272.88710661668557,6713022.822770464,3039534.782821899,-3673488.0399485654,0.45278183361925217
Csengeri,Szabolcs-Szatmár-Bereg,0.33816924241633706,130.2833408550015,3204970.185033037,1038012.5472812062,-2166957.6377518307,0.3238758825678456
Enyingi,Fejér,0.33813299225020793,194.95284486167455,4795839.983597194,2452935.599878077,-2342904.383719117,0.5114715270458658
Tatabányai,Komárom-Esztergom,0.33387449712730427,827.6846088109226,20361041.376748692,13935196.595125865,-6425844.781622827,0.6844049052932614
Békéscsabai,Békés,0.3334388071356007,650.27053717897,15996655.214602662,12640663.069084875,-3355992.145517787,0.7902066337934042
Oroszlányi,Komárom-Esztergom,0.33138635065649497,252.16613104009795,6203286.82358641,4245559.931003593,-1957726.892582817,0.6844049052932614
Nyírbátori,Szabolcs-Szatmár-Bereg,0.32438143796763336,440.70131108462454,10841252.252681762,3511220.1414779495,-7330032.111203812,0.32387588256784555
Baktalórántházai,Szabolcs-Szatmár-Bereg,0.32141323344427075,196.9341487593105,4844580.059479037,1569042.642434359,-3275537.4170446782,0.3238758825678456
Szombathelyi,Vas,0.3144436108096772,987.7586860159282,24298863.675991833,24917549.98438379,618686.3083919585,1.0254615325490815
Gyulai,Békés,0.3087332005313875,322.50935457845907,7933730.122630093,6269286.173628857,-1664443.949001236,0.7902066337934042
Vásárosnaményi,Szabolcs-Szatmár-Bereg,0.30821549734177683,374.49826924486314,9212657.423423633,2983757.553806543,-6228899.86961709,0.32387588256784555
Dunaújvárosi,Fejér,0.3053240145012894,863.4228809380842,21240202.871076867,10863758.997233674,-10376443.873843193,0.5114715270458661
Mátészalkai,Szabolcs-Szatmár-Bereg,0.29883060104979453,649.0452025257376,15966511.982133146,5171168.159743452,-10795343.822389694,0.32387588256784544
Mohácsi,Baranya,0.29208544187594937,275.92897676389515,6787852.82839182,4882326.508141537,-1905526.320250283,0.7192740667151823
Ibrányi,Szabolcs-Szatmár-Bereg,0.28746851893968933,241.47858021762693,5940373.073353622,1923943.5719146694,-4016429.501438953,0.32387588256784555
Jánoshalmai,Bács-Kiskun,0.2850663831499843,147.849979569743,3637109.4974156776,1596614.8781890946,-2040494.619226583,0.4389790517232319
Budapest 19. ker.,főváros,0.28423331607849556,463.65185914225134,11405835.734899383,3688823.241232925,-7717012.493666458,0.3234154275908013
Egri,Heves,0.2822686570371555,783.2787536686718,19268657.340249326,8724498.001899153,-10544159.338350173,0.4527818336192522
Kapuvári,Győr-Moson-Sopron,0.2802915287965327,229.22313294918715,5638889.070550004,1809708.3980215294,-3829180.6725284746,0.32093349866962617
Letenyei,Zala,0.2787763422099585,119.68247434657115,2944188.8689256506,999594.4852536098,-1944594.383672041,0.3395143891085924
Bólyi,Baranya,0.26428471768673134,96.31213877882671,2369278.613959137,1704160.6638436986,-665117.9501154383,0.7192740667151821
Szentesi,Csongrád-Csanád,0.2631541657192228,315.7426216764204,7767268.493239942,4827882.069055697,-2939386.424184245,0.6215675527706465
Kiskunhalasi,Bács-Kiskun,0.2618168812282454,395.07975171972214,9718961.892305164,4266420.675218347,-5452541.217086816,0.4389790517232318
Pécsváradi,Baranya,0.2587570071368454,91.58216075243217,2252921.1545098317,1620467.76079295,-632453.3937168818,0.7192740667151821
Bácsalmási,Bács-Kiskun,0.2544246378377704,162.35012616210253,3993813.1035877224,1753200.2889727557,-2240612.8146149665,0.43897905172323176
Gyöngyösi,Heves,0.25056658999547354,635.8538880655566,15642005.646412693,7082415.9980654325,-8559589.64834726,0.452781833619252
Bélapátfalvai,Heves,0.2462031071137756,74.59512684160056,1835040.1203033738,830872.8304358545,-1004167.2898675193,0.45278183361925206
Esztergomi,Komárom-Esztergom,0.24196086555438964,880.1831593892781,21652505.720976237,14819081.12732654,-6833424.593649697,0.6844049052932614
Nagykállói,Szabolcs-Szatmár-Bereg,0.23793645819213122,313.98351481768634,7723994.4645150835,2501615.524143976,-5222378.940371107,0.32387588256784555
Makói,Csongrád-Csanád,0.23548276015396397,361.3367268046357,8888883.47939404,5525041.551150381,-3363841.9282436585,0.6215675527706463
Kiskunmajsai,Bács-Kiskun,0.2326307511636101,183.21397345330317,4507063.746951258,1978506.5696928196,-2528557.1772584384,0.43897905172323193
Nagykőrösi,Pest,0.23241498459357499,294.41971227235445,7242724.9218999185,1160000.182935334,-6082724.738964585,0.1601607399761693
Mórahalmi,Csongrád-Csanád,0.23049048047525528,229.48573759397803,5645349.144811859,3508965.8524765694,-2136383.29233529,0.6215675527706465
Ráckevei,Pest,0.23021237999884436,425.8561707988029,10476061.80165055,1677853.8101884332,-8798207.991462117,0.16016073997616928
Budapest 21. ker.,főváros,0.23011205603177817,585.7556913015893,14409590.006019095,4660283.713204803,-9749306.292814292,0.32341542759080133
Pécsi,Baranya,0.22965837206041093,1548.7551901539607,38099377.67778743,27403894.32161981,-10695483.356167622,0.7192740667151825
Székesfehérvári,Fejér,0.22818603894694828,1474.3836362482486,36269837.451706916,18550989.147129875,-17718848.30457704,0.511471527045866
Martonvásári,Fejér,0.22670045433605396,283.70340944040066,6979103.8722338565,3569612.914943167,-3409490.9572906895,0.511471527045866
Hódmezővásárhelyi,Csongrád-Csanád,0.22567926392209992,446.24369478358403,10977594.891676167,6823316.792126705,-4154278.099549462,0.6215675527706465
Kisbéri,Komárom-Esztergom,0.22441609132503465,185.08709449502393,4553142.524577589,3116193.0783202457,-1436949.446257343,0.6844049052932614
Kemecsei,Szabolcs-Szatmár-Bereg,0.22297188361679288,229.65423932791003,5649494.287466587,1829734.9484152424,-3819759.3390513444,0.32387588256784555
Móri,Fejér,0.22234905910186417,330.49751761104847,8130238.9332317915,4158385.7224278157,-3971853.210803976,0.5114715270458658
Nagykanizsai,Zala,0.2183067448327575,577.8090679838399,14214103.07240246,4825892.521353288,-9388210.551049173,0.3395143891085924
Kiskőrösi,Bács-Kiskun,0.2176875078088755,491.92921568875244,12101458.705943309,5312286.867202843,-6789171.838740466,0.4389790517232319
Záhonyi,Szabolcs-Szatmár-Bereg,0.21620677747073883,177.91238298020065,4376644.621312936,1417489.6394135414,-2959154.9818993947,0.3238758825678456
Budapest 20. ker.,főváros,0.21611515381428587,516.4027454680527,12703507.538514094,4108510.322471503,-8594997.216042591,0.3234154275908013
Budapest 10. ker.,főváros,0.21062253593176508,648.5592008155606,15954556.340062791,5159949.660742938,-10794606.679319855,0.32341542759080133
Budapest 14. ker.,főváros,0.20617799369276174,982.0854375776111,24159301.764409233,7813490.910431614,-16345810.853977619,0.3234154275908014
Kecskeméti,Bács-Kiskun,0.200453307434521,1547.242914913245,38062175.706865825,16708497.798322992,-21353677.908542834,0.4389790517232319
Bajai,Bács-Kiskun,0.19997915294819016,572.2785128457873,14078051.416006368,6179969.660709377,-7898081.75529699,0.43897905172323193
Csongrádi,Csongrád-Csanád,0.19904137952846943,176.38444597184204,4339057.370907314,2697017.271366295,-1642040.0995410192,0.6215675527706466
Tatai,Komárom-Esztergom,0.1980720362351353,381.4249261494775,9383053.183277147,6421807.62526243,-2961245.558014717,0.6844049052932614
Kisteleki,Csongrád-Csanád,0.19738054536748284,151.30080082426497,3721999.700276918,2313474.245114204,-1408525.4551627138,0.6215675527706466
Budapest 08. ker.,főváros,0.19457566223943998,670.0987229750614,16484428.585186511,5331318.519468123,-11153110.065718388,0.3234154275908013
Kiskunfélegyházi,Bács-Kiskun,0.19381194807988664,345.63985795705855,8502740.505743641,3732524.964260055,-4770215.541483587,0.4389790517232317
Kisvárdai,Szabolcs-Szatmár-Bereg,0.1897094353123962,567.3361877099799,13956470.217665505,4520164.109278267,-9436306.108387237,0.3238758825678456
Budapest 06. ker.,főváros,0.1894765204206601,328.46184704982835,8080161.437425776,2613248.8662877614,-5466912.571138015,0.32341542759080133
Téti,Győr-Moson-Sopron,0.1893989990034427,148.62407216307625,3656152.1752116755,1173381.7092592474,-2482770.465952428,0.3209334986696263
Tiszakécskei,Bács-Kiskun,0.186273426007113,232.54780553765275,5720676.016226257,2511256.9328188384,-3209419.083407419,0.43897905172323193
Zalaegerszegi,Zala,0.18614289202886605,804.3292251793187,19786498.939411238,6717801.1000120165,-13068697.839399222,0.33951438910859233
Nagykátai,Pest,0.18515320065875263,823.045831841189,20246927.46329325,3242762.8847648706,-17004164.578528382,0.16016073997616925
Ceglédi,Pest,0.1774953716532199,982.8420241575767,24177913.794276386,3872352.5643713367,-20305561.22990505,0.16016073997616928
Dabasi,Pest,0.17590424779797897,571.8644877329425,14067866.398230385,2253119.8922264655,-11814746.50600392,0.16016073997616925
Sümegi,Veszprém,0.1708085414646199,131.47568795944466,3234301.9238023385,368734.5615230332,-2865567.3622793052,0.11400746442667857
Budapest 09. ker.,főváros,0.1688773659415699,542.9558865155927,13356714.808283582,4319767.630929422,-9036947.17735416,0.3234154275908012
Gárdonyi,Fejér,0.1608791329006497,354.26380056921636,8714889.494002722,4457417.837533548,-4257471.656469175,0.5114715270458661
Zirci,Veszprém,0.15669994186691835,166.465638676002,4095054.7114296486,466866.80433861807,-3628187.9070910304,0.11400746442667856
Budapest 18. ker.,főváros,0.1545009853372489,815.4809780221568,20060832.059345055,6487982.578300335,-13572849.48104472,0.3234154275908013
Szegedi,Csongrád-Csanád,0.15260754546634525,1786.5726390119416,43949686.91969376,27317699.343710143,-16631987.575983617,0.6215675527706465
Budapest 04. ker.,főváros,0.14928123385063663,798.3331321544576,19638995.050999656,6351553.981872685,-13287441.069126971,0.32341542759080133
Budapest 13. ker.,főváros,0.14810980192897027,1026.2814400286313,25246523.42470433,8165115.168581932,-17081408.256122395,0.32341542759080133
Devecseri,Veszprém,0.14577825442146092,128.66637838766167,3165192.908336477,360855.6179007462,-2804337.2904357305,0.11400746442667857
Budapest 07. ker.,főváros,0.1456976960046495,471.1278630031505,11589745.429877501,3748302.4738723673,-7841442.956005134,0.32341542759080133
Bicskei,Fejér,0.14527244907934922,357.9711598638958,8806090.532651836,4504064.572039577,-4302025.960612259,0.5114715270458658
Várpalotai,Veszprém,0.13877538836285597,327.0738668948364,8046017.125612974,917306.011224768,-7128711.114388206,0.11400746442667861
Budapest 17. ker.,főváros,0.13861566371523715,687.2084907246236,16905328.87182574,5467444.165644641,-11437884.706181098,0.32341542759080133
Váci,Pest,0.13683953411429936,782.9093095603558,19259569.015184753,3084626.8250940912,-16174942.190090662,0.16016073997616925
Keszthelyi,Zala,0.13222378433495025,386.37649198499355,9504861.70283084,3227037.3145982674,-6277824.388232572,0.33951438910859233
Budapest 15. ker.,főváros,0.13013654515957135,633.6325785058538,15587361.431244,5041193.162298143,-10546168.268945858,0.3234154275908013
Budapest 23. ker.,főváros,0.1222200251528912,190.23827821249046,4679861.644027265,1513539.4546688683,-3166322.1893583965,0.32341542759080133
Győri,Győr-Moson-Sopron,0.12214805742226675,1984.4650822239457,48817841.022709064,15667280.516915623,-33150560.50579344,0.3209334986696262
Pápai,Veszprém,0.1200675865812605,495.1548585746137,12180809.520935496,1388703.2081462012,-10792106.312789295,0.11400746442667857
Zalaszentgróti,Zala,0.11952611438161868,116.24859038840184,2859715.323554685,970914.5011011494,-1888800.8224535356,0.33951438910859233
Budapest 03. ker.,főváros,0.11596396520647856,1007.4708496689495,24783782.901856158,8015457.744521399,-16768325.15733476,0.3234154275908013
Nyíregyházi,Szabolcs-Szatmár-Bereg,0.11467124966404134,1767.0673139158575,43469855.92233009,14078837.951941745,-29391017.970388345,0.32387588256784555
Budapest 01. ker.,főváros,0.11350382308417899,192.45950177048255,4734503.74355387,1531211.5526517245,-3203292.1909021456,0.32341542759080133
Tapolcai,Veszprém,0.11075744215551271,288.3615809956666,7093694.892493398,808734.1681096525,-6284960.724383745,0.11400746442667856
Budapest 22. ker.,főváros,0.10797330484793315,454.3988764349585,11178212.360299978,3615206.3302071975,-7563006.030092781,0.3234154275908013
Veszprémi,Veszprém,0.10660207677041757,735.3648735099196,18089975.88834402,2062392.2825698536,-16027583.605774166,0.11400746442667856
Budapest 05. ker.,főváros,0.10243998529918952,208.74424362707617,5135108.393226074,1660773.2767203231,-3474335.116505751,0.3234154275908013
Gyáli,Pest,0.10229247208217455,502.61833485522465,12364411.037438525,1980293.2211256684,-10384117.816312857,0.16016073997616923
Budapest 11. ker.,főváros,0.10209840906828309,1197.70912788144,29463644.545883425,9528997.199190268,-19934647.34669316,0.3234154275908013
Ajkai,Veszprém,0.10103292928688333,324.0538591051697,7971724.933987174,908836.1468308093,-7062888.787156365,0.11400746442667857
Mosonmagyaróvári,Győr-Moson-Sopron,0.09594167454645686,811.0708813783114,19952343.681906458,6403375.464493051,-13548968.217413407,0.3209334986696262
Budapest 16. ker.,főváros,0.09487978725081697,572.9360581954635,14094227.0316084,4558290.461989461,-9535936.56961894,0.32341542759080133
Monori,Pest,0.09414582793704968,834.8907927690783,20538313.502119325,3289431.4883619794,-17248882.013757344,0.16016073997616925
Aszódi,Pest,0.08914754524904137,420.9136691166621,10354476.260269888,1658380.5799105028,-8696095.680359386,0.16016073997616923
Budapest 12. ker.,főváros,0.0794012772266034,414.12492015205004,10187473.035740431,3294785.947923749,-6892687.087816682,0.3234154275908012
Soproni,Győr-Moson-Sopron,0.07683391316818682,1011.346883993411,24879133.34623791,7984547.308676298,-16894586.03756161,0.3209334986696262
Gödöllői,Pest,0.07597530400326696,1781.584382210032,43826975.80236678,7019360.875424728,-36807614.92694205,0.16016073997616925
Szentendrei,Pest,0.06304674697659352,960.5666803694453,23629940.337088354,3784588.7299808008,-19845351.607107554,0.16016073997616925
Szigetszentmiklósi,Pest,0.06050610957070706,1451.9876924482337,35718897.23422655,5720765.012166468,-29998132.222060077,0.16016073997616923
Dunakeszi,Pest,0.05667382374940899,980.7286786107302,24125925.49382396,3864026.079700772,-20261899.41412319,0.16016073997616925
Pannonhalmi,Győr-Moson-Sopron,0.056295943707134304,155.84968112449283,3833902.155662523,1230427.6323737958,-2603474.5232887273,0.32093349866962634
Budapest 02. ker.,főváros,0.05472541328992005,636.0822707726679,15647623.86100763,5060682.961787808,-10586940.899219822,0.3234154275908013
Balatonalmádi,Veszprém,0.053708284650792075,235.05493187108408,5782351.324028669,659231.212876756,-5123120.111151913,0.11400746442667853
Csornai,Győr-Moson-Sopron,0.04644016115849436,308.1535995009091,7580578.547722364,2432861.5952604525,-5147716.952461911,0.3209334986696262
Szobi,Pest,0.04221091526138252,274.73492109003496,6758479.05881486,1082443.007173232,-5676036.051641628,0.16016073997616928
Vecsési,Pest,0.03847818061562793,571.8474446236937,14067447.137742864,2253052.7431565416,-11814394.394586323,0.16016073997616928
Balatonfüredi,Veszprém,0.03557545771757518,221.7949906922683,5456156.7710298,622042.5989795614,-4834114.172050239,0.11400746442667857
Érdi,Pest,0.026261321747605655,1454.8679779112745,35789752.25661735,5732113.204983609,-30057639.051633745,0.16016073997616925
Budakeszi,Pest,0.020482071749891965,1057.0988511544303,26004631.738398988,4164921.062029758,-21839710.67636923,0.16016073997616923
Pilisvörösvári,Pest,0.0,628.0897051446065,15451006.746557318,2474644.6739054043,-12976362.072651913,0.1601607399761693
